-- phpMyAdmin SQL Dump
-- version 4.5.4.1deb2ubuntu2.1
-- http://www.phpmyadmin.net
--
-- Host: localhost
-- Generation Time: 01 Mei 2019 pada 13.48
-- Versi Server: 5.7.26-0ubuntu0.16.04.1
-- PHP Version: 7.0.33-2+ubuntu16.04.1+deb.sury.org+2+will+reach+end+of+life+in+april+2019

SET SQL_MODE = "NO_AUTO_VALUE_ON_ZERO";
SET time_zone = "+00:00";


/*!40101 SET @OLD_CHARACTER_SET_CLIENT=@@CHARACTER_SET_CLIENT */;
/*!40101 SET @OLD_CHARACTER_SET_RESULTS=@@CHARACTER_SET_RESULTS */;
/*!40101 SET @OLD_COLLATION_CONNECTION=@@COLLATION_CONNECTION */;
/*!40101 SET NAMES utf8mb4 */;

--
-- Database: `db_knnig`
--

-- --------------------------------------------------------

--
-- Struktur dari tabel `cyrotherapy`
--

CREATE TABLE `cyrotherapy` (
  `patient_id` int(11) NOT NULL,
  `sex` tinyint(4) NOT NULL,
  `age` int(11) NOT NULL,
  `time` float NOT NULL,
  `number_of_warts` int(11) NOT NULL,
  `type` tinyint(4) NOT NULL,
  `area` int(11) NOT NULL,
  `result_of_treatment` int(11) NOT NULL,
  `created_at` timestamp NOT NULL DEFAULT CURRENT_TIMESTAMP,
  `updated_at` timestamp NOT NULL DEFAULT CURRENT_TIMESTAMP ON UPDATE CURRENT_TIMESTAMP
) ENGINE=InnoDB DEFAULT CHARSET=latin1;

-- --------------------------------------------------------

--
-- Struktur dari tabel `dataset_type`
--

CREATE TABLE `dataset_type` (
  `id` int(11) NOT NULL,
  `type` varchar(255) NOT NULL,
  `created_at` timestamp NOT NULL DEFAULT CURRENT_TIMESTAMP,
  `updated_at` timestamp NOT NULL DEFAULT CURRENT_TIMESTAMP ON UPDATE CURRENT_TIMESTAMP
) ENGINE=InnoDB DEFAULT CHARSET=latin1;

--
-- Dumping data untuk tabel `dataset_type`
--

INSERT INTO `dataset_type` (`id`, `type`, `created_at`, `updated_at`) VALUES
(1, 'gabungan', '2019-01-24 13:35:17', '2019-01-24 13:35:17'),
(2, 'cyrotherapy', '2019-01-24 13:35:17', '2019-01-24 13:35:17'),
(3, 'immunotherapy', '2019-01-24 13:35:31', '2019-01-24 13:35:31');

-- --------------------------------------------------------

--
-- Struktur dari tabel `experiments`
--

CREATE TABLE `experiments` (
  `experiment_id` int(11) NOT NULL,
  `dataset_id` int(11) NOT NULL,
  `type` enum('KNN','IGR - KNN') NOT NULL DEFAULT 'KNN',
  `created_at` timestamp NOT NULL DEFAULT CURRENT_TIMESTAMP,
  `number_of_folds` int(11) NOT NULL,
  `number_of_neighbors` int(11) NOT NULL,
  `thresholds` double NOT NULL,
  `updated_at` timestamp NOT NULL DEFAULT CURRENT_TIMESTAMP ON UPDATE CURRENT_TIMESTAMP
) ENGINE=InnoDB DEFAULT CHARSET=latin1;

--
-- Dumping data untuk tabel `experiments`
--

INSERT INTO `experiments` (`experiment_id`, `dataset_id`, `type`, `created_at`, `number_of_folds`, `number_of_neighbors`, `thresholds`, `updated_at`) VALUES
(1, 2, 'KNN', '2019-01-27 17:31:46', 10, 5, 0.0037189066924358, '2019-01-27 17:31:46'),
(2, 2, 'KNN', '2019-01-27 17:32:14', 10, 5, 0.0037189066924358, '2019-01-27 17:32:14'),
(3, 3, 'KNN', '2019-01-27 17:32:59', 10, 5, 0.0037189066924358, '2019-01-27 17:32:59'),
(4, 1, 'KNN', '2019-02-06 04:13:27', 10, 1, 0.002, '2019-02-06 04:13:27'),
(5, 1, 'KNN', '2019-02-08 04:44:27', 10, 1, 0.0002, '2019-02-08 04:44:27'),
(6, 1, 'KNN', '2019-02-08 04:50:02', 10, 1, 0.002, '2019-02-08 04:50:02'),
(7, 1, 'KNN', '2019-02-08 19:54:22', 10, 1, 0.002, '2019-02-08 19:54:22'),
(8, 1, 'KNN', '2019-02-09 10:08:57', 10, 1, 0.0002, '2019-02-09 10:08:57'),
(9, 1, 'KNN', '2019-02-09 10:35:25', 10, 1, 0, '2019-02-09 10:35:25'),
(10, 1, 'IGR - KNN', '2019-02-09 10:35:43', 10, 1, 0.0002, '2019-02-09 10:35:43'),
(11, 1, 'IGR - KNN', '2019-02-09 10:35:59', 10, 1, 0.002, '2019-02-09 10:35:59'),
(12, 1, 'KNN', '2019-02-09 12:39:51', 10, 1, 0, '2019-02-09 12:39:51'),
(13, 1, 'KNN', '2019-02-09 12:40:56', 10, 1, 0, '2019-02-09 12:40:56'),
(14, 1, 'KNN', '2019-02-09 12:42:44', 10, 1, 0, '2019-02-09 12:42:44'),
(15, 1, 'KNN', '2019-02-09 12:43:18', 10, 1, 0, '2019-02-09 12:43:18'),
(16, 1, 'KNN', '2019-02-09 12:43:34', 10, 1, 0, '2019-02-09 12:43:34'),
(17, 1, 'KNN', '2019-02-09 12:43:55', 10, 1, 0, '2019-02-09 12:43:55'),
(18, 2, 'KNN', '2019-02-09 12:44:18', 10, 1, 0, '2019-02-09 12:44:18'),
(19, 2, 'KNN', '2019-02-09 12:44:55', 10, 1, 0, '2019-02-09 12:44:55'),
(20, 3, 'KNN', '2019-02-09 12:45:12', 10, 1, 0, '2019-02-09 12:45:12'),
(21, 3, 'KNN', '2019-02-09 12:52:33', 10, 1, 0, '2019-02-09 12:52:33'),
(22, 1, 'KNN', '2019-04-03 03:27:46', 10, 1, 0.013, '2019-04-03 03:27:46'),
(23, 3, 'KNN', '2019-04-03 03:31:43', 10, 3, 0.013, '2019-04-03 03:31:43'),
(24, 3, 'IGR - KNN', '2019-04-03 03:32:00', 10, 3, 0.013, '2019-04-03 03:32:00'),
(25, 3, 'IGR - KNN', '2019-04-03 03:34:51', 10, 9, 0.004, '2019-04-03 03:34:51'),
(26, 3, 'IGR - KNN', '2019-04-03 03:35:09', 10, 99, 0.00000001, '2019-04-03 03:35:09'),
(27, 3, 'IGR - KNN', '2019-04-03 03:35:24', 10, 13, 0.00000001, '2019-04-03 03:35:24'),
(28, 2, 'KNN', '2019-04-03 03:36:03', 10, 3, 0, '2019-04-03 03:36:03'),
(29, 2, 'IGR - KNN', '2019-04-03 03:36:34', 10, 3, 0.003, '2019-04-03 03:36:34'),
(30, 3, 'KNN', '2019-04-05 14:53:18', 10, 1, 0.03, '2019-04-05 14:53:18'),
(31, 1, 'KNN', '2019-04-06 01:21:07', 10, 1, 0.1, '2019-04-06 01:21:07'),
(32, 1, 'IGR - KNN', '2019-04-06 01:21:50', 10, 1, 0.1, '2019-04-06 01:21:50'),
(33, 1, 'KNN', '2019-04-06 01:22:01', 10, 1, 0.1, '2019-04-06 01:22:01'),
(34, 1, 'KNN', '2019-04-06 01:22:33', 10, 1, 0.01, '2019-04-06 01:22:33'),
(35, 1, 'IGR - KNN', '2019-04-06 01:22:44', 10, 1, 0.01, '2019-04-06 01:22:44'),
(36, 1, 'KNN', '2019-04-06 01:23:13', 10, 1, 0.001, '2019-04-06 01:23:13'),
(37, 1, 'IGR - KNN', '2019-04-06 01:23:20', 10, 1, 0.001, '2019-04-06 01:23:20'),
(38, 3, 'KNN', '2019-04-06 01:23:48', 10, 1, 0.1, '2019-04-06 01:23:48'),
(39, 3, 'IGR - KNN', '2019-04-06 01:23:56', 10, 1, 0.1, '2019-04-06 01:23:56'),
(40, 3, 'KNN', '2019-04-06 01:24:40', 10, 1, 0.01, '2019-04-06 01:24:40'),
(41, 3, 'IGR - KNN', '2019-04-06 01:24:49', 10, 1, 0.01, '2019-04-06 01:24:49'),
(42, 3, 'KNN', '2019-04-06 01:25:17', 10, 1, 0.001, '2019-04-06 01:25:17'),
(43, 3, 'IGR - KNN', '2019-04-06 01:25:26', 10, 1, 0.001, '2019-04-06 01:25:26'),
(44, 2, 'KNN', '2019-04-06 01:25:51', 10, 1, 0.1, '2019-04-06 01:25:51'),
(45, 2, 'IGR - KNN', '2019-04-06 01:25:57', 10, 1, 0.1, '2019-04-06 01:25:57'),
(46, 2, 'KNN', '2019-04-06 01:26:39', 10, 1, 0.01, '2019-04-06 01:26:39'),
(47, 2, 'IGR - KNN', '2019-04-06 01:26:45', 10, 1, 0.01, '2019-04-06 01:26:45'),
(48, 2, 'KNN', '2019-04-06 01:27:18', 10, 1, 0.001, '2019-04-06 01:27:18'),
(49, 2, 'IGR - KNN', '2019-04-06 01:27:23', 10, 1, 0.001, '2019-04-06 01:27:23'),
(50, 2, 'IGR - KNN', '2019-04-06 01:27:32', 10, 1, 0.001, '2019-04-06 01:27:32'),
(51, 1, 'KNN', '2019-04-09 08:35:41', 10, 1, 0.03, '2019-04-09 08:35:41'),
(52, 1, 'IGR - KNN', '2019-04-09 08:35:54', 10, 1, 0.03, '2019-04-09 08:35:54'),
(53, 1, 'KNN', '2019-04-09 08:36:07', 10, 1, 0.02, '2019-04-09 08:36:07'),
(54, 1, 'IGR - KNN', '2019-04-09 08:36:14', 10, 1, 0.02, '2019-04-09 08:36:14'),
(55, 1, 'KNN', '2019-04-09 08:59:05', 10, 1, 0.002, '2019-04-09 08:59:05'),
(56, 1, 'IGR - KNN', '2019-04-09 08:59:21', 10, 1, 0.002, '2019-04-09 08:59:21'),
(57, 1, 'KNN', '2019-04-09 14:02:37', 10, 1, 0.0001, '2019-04-09 14:02:37'),
(58, 1, 'IGR - KNN', '2019-04-09 14:02:52', 10, 1, 0.00001, '2019-04-09 14:02:52'),
(59, 1, 'KNN', '2019-04-09 14:03:04', 10, 3, 0.001, '2019-04-09 14:03:04'),
(60, 1, 'IGR - KNN', '2019-04-09 14:03:18', 10, 3, 0.0001, '2019-04-09 14:03:18'),
(61, 2, 'KNN', '2019-04-09 14:03:46', 10, 3, 0.001, '2019-04-09 14:03:46'),
(62, 2, 'IGR - KNN', '2019-04-09 14:03:54', 10, 3, 0.001, '2019-04-09 14:03:54'),
(63, 3, 'KNN', '2019-04-09 14:04:04', 10, 3, 0.001, '2019-04-09 14:04:04'),
(64, 3, 'IGR - KNN', '2019-04-09 14:04:12', 10, 3, 0.001, '2019-04-09 14:04:12'),
(65, 1, 'KNN', '2019-04-10 01:13:59', 10, 5, 0.003, '2019-04-10 01:13:59'),
(66, 1, 'IGR - KNN', '2019-04-10 01:14:21', 10, 5, 0.003, '2019-04-10 01:14:21'),
(67, 2, 'KNN', '2019-04-10 01:15:05', 10, 5, 0.03, '2019-04-10 01:15:05'),
(68, 2, 'IGR - KNN', '2019-04-10 01:15:15', 10, 5, 0.003, '2019-04-10 01:15:15'),
(69, 3, 'KNN', '2019-04-10 01:16:04', 10, 5, 0.003, '2019-04-10 01:16:04'),
(70, 3, 'IGR - KNN', '2019-04-10 01:16:12', 10, 5, 0.003, '2019-04-10 01:16:12'),
(71, 1, 'KNN', '2019-04-26 05:41:01', 10, 3, 0.003, '2019-04-26 05:41:01'),
(72, 1, 'IGR - KNN', '2019-04-26 05:41:24', 10, 3, 0.003, '2019-04-26 05:41:24'),
(73, 1, 'KNN', '2019-04-26 05:53:16', 10, 5, 0.003, '2019-04-26 05:53:16'),
(74, 1, 'IGR - KNN', '2019-04-26 05:54:04', 10, 5, 0.003, '2019-04-26 05:54:04'),
(75, 1, 'KNN', '2019-04-26 06:01:25', 10, 7, 0.003, '2019-04-26 06:01:25'),
(76, 1, 'IGR - KNN', '2019-04-26 06:01:38', 10, 7, 0.003, '2019-04-26 06:01:38'),
(77, 1, 'KNN', '2019-04-26 06:06:09', 10, 9, 0.003, '2019-04-26 06:06:09'),
(78, 1, 'IGR - KNN', '2019-04-26 06:06:25', 10, 9, 0.003, '2019-04-26 06:06:25'),
(79, 1, 'KNN', '2019-04-26 14:03:51', 10, 3, 0.003, '2019-04-26 14:03:51'),
(80, 1, 'KNN', '2019-04-26 14:04:20', 10, 3, 0.003, '2019-04-26 14:04:20'),
(81, 1, 'KNN', '2019-04-26 14:05:47', 10, 3, 0.003, '2019-04-26 14:05:47'),
(82, 1, 'KNN', '2019-04-26 14:06:36', 10, 3, 0.003, '2019-04-26 14:06:36');

-- --------------------------------------------------------

--
-- Struktur dari tabel `experiment_details`
--

CREATE TABLE `experiment_details` (
  `detail_id` int(11) NOT NULL,
  `experiment_id` int(11) NOT NULL,
  `fold_number` int(11) NOT NULL,
  `tp` int(11) NOT NULL,
  `tn` int(11) NOT NULL,
  `fp` int(11) NOT NULL,
  `fn` int(11) NOT NULL,
  `accuracy` double NOT NULL,
  `sensitivity` double NOT NULL,
  `specificity` double NOT NULL,
  `execution_time` double NOT NULL,
  `created_at` timestamp NOT NULL DEFAULT CURRENT_TIMESTAMP,
  `updated_at` timestamp NOT NULL DEFAULT CURRENT_TIMESTAMP ON UPDATE CURRENT_TIMESTAMP
) ENGINE=InnoDB DEFAULT CHARSET=latin1;

--
-- Dumping data untuk tabel `experiment_details`
--

INSERT INTO `experiment_details` (`detail_id`, `experiment_id`, `fold_number`, `tp`, `tn`, `fp`, `fn`, `accuracy`, `sensitivity`, `specificity`, `execution_time`, `created_at`, `updated_at`) VALUES
(1, 3, 1, 4, 0, 0, 4, 0.5, 0.44444444444444, 0, 0.015949964523315, '2019-01-27 17:32:59', '2019-01-27 17:32:59'),
(2, 3, 2, 4, 0, 0, 4, 0.5, 0.44444444444444, 0, 0.012630939483643, '2019-01-27 17:32:59', '2019-01-27 17:32:59'),
(3, 3, 3, 1, 0, 0, 7, 0.125, 0.11111111111111, 0, 0.010645866394043, '2019-01-27 17:32:59', '2019-01-27 17:32:59'),
(4, 3, 4, 5, 0, 0, 2, 0.71428571428571, 0.55555555555556, 0, 0.01464581489563, '2019-01-27 17:32:59', '2019-01-27 17:32:59'),
(5, 3, 5, 3, 0, 0, 4, 0.42857142857143, 0.33333333333333, 0, 0.017052888870239, '2019-01-27 17:32:59', '2019-01-27 17:32:59'),
(6, 3, 6, 6, 0, 0, 1, 0.85714285714286, 0.66666666666667, 0, 0.016047954559326, '2019-01-27 17:32:59', '2019-01-27 17:32:59'),
(7, 3, 7, 3, 0, 0, 4, 0.42857142857143, 0.33333333333333, 0, 0.019154071807861, '2019-01-27 17:32:59', '2019-01-27 17:32:59'),
(8, 3, 8, 3, 0, 0, 4, 0.42857142857143, 0.33333333333333, 0, 0.0106360912323, '2019-01-27 17:32:59', '2019-01-27 17:32:59'),
(9, 3, 9, 3, 0, 0, 3, 0.5, 0.375, 0, 0.012660980224609, '2019-01-27 17:32:59', '2019-01-27 17:32:59'),
(10, 3, 10, 1, 0, 0, 5, 0.16666666666667, 0.1, 0, 0.014101982116699, '2019-01-27 17:32:59', '2019-01-27 17:32:59'),
(11, 4, 1, 5, 6, 1, 0, 0.91666666666667, 1, 0.85714285714286, 0.23243689537048, '2019-02-06 04:13:32', '2019-02-06 04:13:32'),
(12, 4, 2, 5, 5, 2, 0, 0.83333333333333, 1, 0.71428571428571, 0.3148980140686, '2019-02-06 04:13:32', '2019-02-06 04:13:32'),
(13, 4, 3, 5, 4, 3, 0, 0.75, 1, 0.57142857142857, 0.29744100570679, '2019-02-06 04:13:32', '2019-02-06 04:13:32'),
(14, 4, 4, 5, 7, 0, 0, 1, 1, 1, 0.2619149684906, '2019-02-06 04:13:32', '2019-02-06 04:13:32'),
(15, 4, 5, 4, 5, 3, 0, 0.75, 1, 0.625, 0.28043794631958, '2019-02-06 04:13:32', '2019-02-06 04:13:32'),
(16, 4, 6, 4, 3, 5, 0, 0.58333333333333, 1, 0.375, 0.28700518608093, '2019-02-06 04:13:32', '2019-02-06 04:13:32'),
(17, 4, 7, 5, 4, 3, 0, 0.75, 1, 0.57142857142857, 0.25288510322571, '2019-02-06 04:13:32', '2019-02-06 04:13:32'),
(18, 4, 8, 5, 5, 2, 0, 0.83333333333333, 1, 0.71428571428571, 0.24265789985657, '2019-02-06 04:13:32', '2019-02-06 04:13:32'),
(19, 4, 9, 5, 5, 1, 0, 0.90909090909091, 1, 0.83333333333333, 0.22466778755188, '2019-02-06 04:13:32', '2019-02-06 04:13:32'),
(20, 4, 10, 4, 4, 3, 0, 0.72727272727273, 1, 0.57142857142857, 0.2301299571991, '2019-02-06 04:13:32', '2019-02-06 04:13:32'),
(21, 5, 1, 4, 7, 1, 0, 0.91666666666667, 1, 0.875, 0.24648594856262, '2019-02-08 04:44:35', '2019-02-08 04:44:35'),
(22, 5, 2, 4, 3, 5, 0, 0.58333333333333, 1, 0.375, 0.32969498634338, '2019-02-08 04:44:35', '2019-02-08 04:44:35'),
(23, 5, 3, 4, 4, 4, 0, 0.66666666666667, 1, 0.5, 0.25361013412476, '2019-02-08 04:44:35', '2019-02-08 04:44:35'),
(24, 5, 4, 4, 7, 1, 0, 0.91666666666667, 1, 0.875, 0.48098087310791, '2019-02-08 04:44:35', '2019-02-08 04:44:35'),
(25, 5, 5, 5, 6, 1, 0, 0.91666666666667, 1, 0.85714285714286, 0.36794519424438, '2019-02-08 04:44:35', '2019-02-08 04:44:35'),
(26, 5, 6, 5, 4, 3, 0, 0.75, 1, 0.57142857142857, 0.37697386741638, '2019-02-08 04:44:35', '2019-02-08 04:44:35'),
(27, 5, 7, 5, 6, 1, 0, 0.91666666666667, 1, 0.85714285714286, 0.40204000473022, '2019-02-08 04:44:35', '2019-02-08 04:44:35'),
(28, 5, 8, 5, 4, 3, 0, 0.75, 1, 0.57142857142857, 0.3579421043396, '2019-02-08 04:44:35', '2019-02-08 04:44:35'),
(29, 5, 9, 5, 2, 2, 0, 0.77777777777778, 1, 0.5, 0.18439888954163, '2019-02-08 04:44:35', '2019-02-08 04:44:35'),
(30, 5, 10, 6, 6, 1, 0, 0.92307692307692, 1, 0.85714285714286, 0.43766212463379, '2019-02-08 04:44:35', '2019-02-08 04:44:35'),
(31, 6, 1, 4, 5, 3, 0, 0.75, 1, 0.625, 0.38489007949829, '2019-02-08 04:50:08', '2019-02-08 04:50:08'),
(32, 6, 2, 5, 4, 3, 0, 0.75, 1, 0.57142857142857, 0.33365106582642, '2019-02-08 04:50:08', '2019-02-08 04:50:08'),
(33, 6, 3, 4, 6, 2, 0, 0.83333333333333, 1, 0.75, 0.31177401542664, '2019-02-08 04:50:08', '2019-02-08 04:50:08'),
(34, 6, 4, 2, 5, 3, 2, 0.58333333333333, 0.5, 0.625, 0.25479793548584, '2019-02-08 04:50:08', '2019-02-08 04:50:08'),
(35, 6, 5, 5, 4, 3, 0, 0.75, 1, 0.57142857142857, 0.35151410102844, '2019-02-08 04:50:08', '2019-02-08 04:50:08'),
(36, 6, 6, 5, 6, 1, 0, 0.91666666666667, 1, 0.85714285714286, 0.30893301963806, '2019-02-08 04:50:08', '2019-02-08 04:50:08'),
(37, 6, 7, 5, 5, 2, 0, 0.83333333333333, 1, 0.71428571428571, 0.26428699493408, '2019-02-08 04:50:08', '2019-02-08 04:50:08'),
(38, 6, 8, 5, 6, 1, 0, 0.91666666666667, 1, 0.85714285714286, 0.3689329624176, '2019-02-08 04:50:08', '2019-02-08 04:50:08'),
(39, 6, 9, 4, 6, 1, 0, 0.90909090909091, 1, 0.85714285714286, 0.24927496910095, '2019-02-08 04:50:08', '2019-02-08 04:50:08'),
(40, 6, 10, 6, 1, 4, 0, 0.63636363636364, 1, 0.2, 0.22544813156128, '2019-02-08 04:50:08', '2019-02-08 04:50:08'),
(41, 7, 1, 4, 6, 2, 0, 0.83333333333333, 1, 0.75, 0.24706101417542, '2019-02-08 19:54:27', '2019-02-08 19:54:27'),
(42, 7, 2, 5, 5, 2, 0, 0.83333333333333, 1, 0.71428571428571, 0.26844596862793, '2019-02-08 19:54:27', '2019-02-08 19:54:27'),
(43, 7, 3, 4, 5, 3, 0, 0.75, 1, 0.625, 0.26558494567871, '2019-02-08 19:54:27', '2019-02-08 19:54:27'),
(44, 7, 4, 4, 5, 3, 0, 0.75, 1, 0.625, 0.23375415802002, '2019-02-08 19:54:27', '2019-02-08 19:54:27'),
(45, 7, 5, 4, 7, 1, 0, 0.91666666666667, 1, 0.875, 0.23623609542847, '2019-02-08 19:54:27', '2019-02-08 19:54:27'),
(46, 7, 6, 5, 5, 2, 0, 0.83333333333333, 1, 0.71428571428571, 0.22662591934204, '2019-02-08 19:54:27', '2019-02-08 19:54:27'),
(47, 7, 7, 5, 5, 2, 0, 0.83333333333333, 1, 0.71428571428571, 0.2395281791687, '2019-02-08 19:54:27', '2019-02-08 19:54:27'),
(48, 7, 8, 5, 4, 3, 0, 0.75, 1, 0.57142857142857, 0.24230885505676, '2019-02-08 19:54:27', '2019-02-08 19:54:27'),
(49, 7, 9, 5, 2, 3, 0, 0.7, 1, 0.4, 0.19677400588989, '2019-02-08 19:54:27', '2019-02-08 19:54:27'),
(50, 7, 10, 6, 5, 1, 0, 0.91666666666667, 1, 0.83333333333333, 0.24417614936829, '2019-02-08 19:54:27', '2019-02-08 19:54:27'),
(51, 8, 1, 4, 7, 1, 0, 0.91666666666667, 1, 0.875, 0.30869698524475, '2019-02-09 10:09:04', '2019-02-09 10:09:04'),
(52, 8, 2, 4, 7, 1, 0, 0.91666666666667, 1, 0.875, 0.33896493911743, '2019-02-09 10:09:04', '2019-02-09 10:09:04'),
(53, 8, 3, 4, 5, 3, 0, 0.75, 1, 0.625, 0.34927010536194, '2019-02-09 10:09:04', '2019-02-09 10:09:04'),
(54, 8, 4, 4, 7, 1, 0, 0.91666666666667, 1, 0.875, 0.25783801078796, '2019-02-09 10:09:04', '2019-02-09 10:09:04'),
(55, 8, 5, 5, 5, 2, 0, 0.83333333333333, 1, 0.71428571428571, 0.25611686706543, '2019-02-09 10:09:04', '2019-02-09 10:09:04'),
(56, 8, 6, 5, 3, 4, 0, 0.66666666666667, 1, 0.42857142857143, 0.26184916496277, '2019-02-09 10:09:04', '2019-02-09 10:09:04'),
(57, 8, 7, 5, 6, 1, 0, 0.91666666666667, 1, 0.85714285714286, 0.28990292549133, '2019-02-09 10:09:04', '2019-02-09 10:09:04'),
(58, 8, 8, 5, 4, 3, 0, 0.75, 1, 0.57142857142857, 0.45696210861206, '2019-02-09 10:09:04', '2019-02-09 10:09:04'),
(59, 8, 9, 5, 4, 1, 0, 0.9, 1, 0.8, 0.66029286384583, '2019-02-09 10:09:04', '2019-02-09 10:09:04'),
(60, 8, 10, 6, 1, 5, 0, 0.58333333333333, 1, 0.16666666666667, 0.28419208526611, '2019-02-09 10:09:04', '2019-02-09 10:09:04'),
(61, 9, 1, 5, 5, 2, 0, 0.83333333333333, 1, 0.71428571428571, 0.21999096870422, '2019-02-09 10:35:27', '2019-02-09 10:35:27'),
(62, 9, 2, 5, 6, 1, 0, 0.91666666666667, 1, 0.85714285714286, 0.23448991775513, '2019-02-09 10:35:27', '2019-02-09 10:35:27'),
(63, 9, 3, 4, 7, 1, 0, 0.91666666666667, 1, 0.875, 0.25294208526611, '2019-02-09 10:35:27', '2019-02-09 10:35:27'),
(64, 9, 4, 5, 6, 1, 0, 0.91666666666667, 1, 0.85714285714286, 0.2578718662262, '2019-02-09 10:35:27', '2019-02-09 10:35:27'),
(65, 9, 5, 4, 5, 3, 0, 0.75, 1, 0.625, 0.21856093406677, '2019-02-09 10:35:27', '2019-02-09 10:35:27'),
(66, 9, 6, 5, 3, 4, 0, 0.66666666666667, 1, 0.42857142857143, 0.28740096092224, '2019-02-09 10:35:27', '2019-02-09 10:35:27'),
(67, 9, 7, 4, 5, 3, 0, 0.75, 1, 0.625, 0.24562501907349, '2019-02-09 10:35:27', '2019-02-09 10:35:27'),
(68, 9, 8, 5, 3, 4, 0, 0.66666666666667, 1, 0.42857142857143, 0.29212713241577, '2019-02-09 10:35:27', '2019-02-09 10:35:27'),
(69, 9, 9, 5, 4, 2, 0, 0.81818181818182, 1, 0.66666666666667, 0.24149990081787, '2019-02-09 10:35:27', '2019-02-09 10:35:27'),
(70, 9, 10, 3, 5, 1, 2, 0.72727272727273, 0.6, 0.83333333333333, 0.26332902908325, '2019-02-09 10:35:27', '2019-02-09 10:35:27'),
(71, 10, 1, 4, 7, 1, 0, 0.91666666666667, 1, 0.875, 0.23177480697632, '2019-02-09 10:35:46', '2019-02-09 10:35:46'),
(72, 10, 2, 5, 4, 3, 0, 0.75, 1, 0.57142857142857, 0.24525499343872, '2019-02-09 10:35:46', '2019-02-09 10:35:46'),
(73, 10, 3, 5, 6, 1, 0, 0.91666666666667, 1, 0.85714285714286, 0.25458383560181, '2019-02-09 10:35:46', '2019-02-09 10:35:46'),
(74, 10, 4, 5, 4, 3, 0, 0.75, 1, 0.57142857142857, 0.26394987106323, '2019-02-09 10:35:46', '2019-02-09 10:35:46'),
(75, 10, 5, 5, 4, 3, 0, 0.75, 1, 0.57142857142857, 0.26262307167053, '2019-02-09 10:35:46', '2019-02-09 10:35:46'),
(76, 10, 6, 4, 4, 4, 0, 0.66666666666667, 1, 0.5, 0.27813386917114, '2019-02-09 10:35:46', '2019-02-09 10:35:46'),
(77, 10, 7, 4, 6, 2, 0, 0.83333333333333, 1, 0.75, 0.25741386413574, '2019-02-09 10:35:46', '2019-02-09 10:35:46'),
(78, 10, 8, 5, 3, 4, 0, 0.66666666666667, 1, 0.42857142857143, 0.28671097755432, '2019-02-09 10:35:46', '2019-02-09 10:35:46'),
(79, 10, 9, 4, 3, 4, 0, 0.63636363636364, 1, 0.42857142857143, 0.24932098388672, '2019-02-09 10:35:46', '2019-02-09 10:35:46'),
(80, 10, 10, 6, 4, 1, 0, 0.90909090909091, 1, 0.8, 0.2456271648407, '2019-02-09 10:35:46', '2019-02-09 10:35:46'),
(81, 11, 1, 4, 5, 3, 0, 0.75, 1, 0.625, 0.27344512939453, '2019-02-09 10:36:02', '2019-02-09 10:36:02'),
(82, 11, 2, 4, 4, 4, 0, 0.66666666666667, 1, 0.5, 0.26394486427307, '2019-02-09 10:36:02', '2019-02-09 10:36:02'),
(83, 11, 3, 4, 4, 4, 0, 0.66666666666667, 1, 0.5, 0.26620483398438, '2019-02-09 10:36:02', '2019-02-09 10:36:02'),
(84, 11, 4, 4, 6, 2, 0, 0.83333333333333, 1, 0.75, 0.27203011512756, '2019-02-09 10:36:02', '2019-02-09 10:36:02'),
(85, 11, 5, 4, 6, 2, 0, 0.83333333333333, 1, 0.75, 0.2370970249176, '2019-02-09 10:36:02', '2019-02-09 10:36:02'),
(86, 11, 6, 5, 7, 0, 0, 1, 1, 1, 0.26802206039429, '2019-02-09 10:36:02', '2019-02-09 10:36:02'),
(87, 11, 7, 4, 5, 3, 0, 0.75, 1, 0.625, 0.26645088195801, '2019-02-09 10:36:02', '2019-02-09 10:36:02'),
(88, 11, 8, 5, 6, 1, 0, 0.91666666666667, 1, 0.85714285714286, 0.28093123435974, '2019-02-09 10:36:02', '2019-02-09 10:36:02'),
(89, 11, 9, 5, 1, 3, 0, 0.66666666666667, 1, 0.25, 0.18956303596497, '2019-02-09 10:36:02', '2019-02-09 10:36:02'),
(90, 11, 10, 8, 5, 0, 0, 1, 1, 1, 0.31147694587708, '2019-02-09 10:36:02', '2019-02-09 10:36:02'),
(91, 12, 1, 0, 0, 0, 0, 0, 0, 0, 0.96821784973145, '2019-02-09 12:39:57', '2019-02-09 12:39:57'),
(92, 12, 2, 0, 0, 0, 0, 0, 0, 0, 0.5774610042572, '2019-02-09 12:39:57', '2019-02-09 12:39:57'),
(93, 12, 3, 0, 0, 0, 0, 0, 0, 0, 0.61554718017578, '2019-02-09 12:39:57', '2019-02-09 12:39:57'),
(94, 12, 4, 0, 0, 0, 0, 0, 0, 0, 0.59712982177734, '2019-02-09 12:39:57', '2019-02-09 12:39:57'),
(95, 12, 5, 0, 0, 0, 0, 0, 0, 0, 0.5836980342865, '2019-02-09 12:39:57', '2019-02-09 12:39:57'),
(96, 12, 6, 0, 0, 0, 0, 0, 0, 0, 0.58864712715149, '2019-02-09 12:39:57', '2019-02-09 12:39:57'),
(97, 12, 7, 0, 0, 0, 0, 0, 0, 0, 0.54384589195251, '2019-02-09 12:39:57', '2019-02-09 12:39:57'),
(98, 12, 8, 0, 0, 0, 0, 0, 0, 0, 0.45943999290466, '2019-02-09 12:39:57', '2019-02-09 12:39:57'),
(99, 12, 9, 0, 0, 0, 0, 0, 0, 0, 0.39646291732788, '2019-02-09 12:39:57', '2019-02-09 12:39:57'),
(100, 12, 10, 0, 0, 0, 0, 0, 0, 0, 0.49407291412354, '2019-02-09 12:39:57', '2019-02-09 12:39:57'),
(101, 13, 1, 0, 0, 0, 0, 0, 0, 0, 0.37266898155212, '2019-02-09 12:41:01', '2019-02-09 12:41:01'),
(102, 13, 2, 0, 0, 0, 0, 0, 0, 0, 0.50883913040161, '2019-02-09 12:41:01', '2019-02-09 12:41:01'),
(103, 13, 3, 0, 0, 0, 0, 0, 0, 0, 0.43981099128723, '2019-02-09 12:41:01', '2019-02-09 12:41:01'),
(104, 13, 4, 0, 0, 0, 0, 0, 0, 0, 0.56476593017578, '2019-02-09 12:41:01', '2019-02-09 12:41:01'),
(105, 13, 5, 0, 0, 0, 0, 0, 0, 0, 0.51516008377075, '2019-02-09 12:41:01', '2019-02-09 12:41:01'),
(106, 13, 6, 0, 0, 0, 0, 0, 0, 0, 0.52203798294067, '2019-02-09 12:41:01', '2019-02-09 12:41:01'),
(107, 13, 7, 0, 0, 0, 0, 0, 0, 0, 0.63027596473694, '2019-02-09 12:41:01', '2019-02-09 12:41:01'),
(108, 13, 8, 0, 0, 0, 0, 0, 0, 0, 0.65744709968567, '2019-02-09 12:41:01', '2019-02-09 12:41:01'),
(109, 13, 9, 0, 0, 0, 0, 0, 0, 0, 0.56179189682007, '2019-02-09 12:41:01', '2019-02-09 12:41:01'),
(110, 13, 10, 0, 0, 0, 0, 0, 0, 0, 0.44347906112671, '2019-02-09 12:41:01', '2019-02-09 12:41:01'),
(111, 17, 1, 4, 4, 4, 0, 0.66666666666667, 1, 0.5, 0.65807485580444, '2019-02-09 12:44:01', '2019-02-09 12:44:01'),
(112, 17, 2, 4, 4, 4, 0, 0.66666666666667, 1, 0.5, 0.76351499557495, '2019-02-09 12:44:01', '2019-02-09 12:44:01'),
(113, 17, 3, 4, 5, 3, 0, 0.75, 1, 0.625, 0.6229829788208, '2019-02-09 12:44:01', '2019-02-09 12:44:01'),
(114, 17, 4, 5, 6, 1, 0, 0.91666666666667, 1, 0.85714285714286, 0.55684113502502, '2019-02-09 12:44:01', '2019-02-09 12:44:01'),
(115, 17, 5, 5, 4, 3, 0, 0.75, 1, 0.57142857142857, 0.64381098747253, '2019-02-09 12:44:01', '2019-02-09 12:44:01'),
(116, 17, 6, 5, 7, 0, 0, 1, 1, 1, 0.81601309776306, '2019-02-09 12:44:01', '2019-02-09 12:44:01'),
(117, 17, 7, 5, 6, 1, 0, 0.91666666666667, 1, 0.85714285714286, 0.75509405136108, '2019-02-09 12:44:01', '2019-02-09 12:44:01'),
(118, 17, 8, 5, 6, 1, 0, 0.91666666666667, 1, 0.85714285714286, 0.70053505897522, '2019-02-09 12:44:01', '2019-02-09 12:44:01'),
(119, 17, 9, 5, 1, 4, 0, 0.6, 1, 0.2, 0.50278496742249, '2019-02-09 12:44:01', '2019-02-09 12:44:01'),
(120, 17, 10, 5, 6, 1, 0, 0.91666666666667, 1, 0.85714285714286, 0.44782114028931, '2019-02-09 12:44:01', '2019-02-09 12:44:01'),
(121, 18, 1, 2, 4, 0, 3, 0.66666666666667, 0.4, 1, 0.72470378875732, '2019-02-09 12:44:26', '2019-02-09 12:44:26'),
(122, 18, 2, 3, 4, 0, 2, 0.77777777777778, 0.6, 1, 0.71669602394104, '2019-02-09 12:44:26', '2019-02-09 12:44:26'),
(123, 18, 3, 2, 5, 0, 2, 0.77777777777778, 0.5, 1, 0.7873330116272, '2019-02-09 12:44:26', '2019-02-09 12:44:26'),
(124, 18, 4, 2, 5, 0, 2, 0.77777777777778, 0.5, 1, 0.70986914634705, '2019-02-09 12:44:26', '2019-02-09 12:44:26'),
(125, 18, 5, 3, 3, 1, 2, 0.66666666666667, 0.6, 0.75, 0.97985219955444, '2019-02-09 12:44:26', '2019-02-09 12:44:26'),
(126, 18, 6, 2, 4, 0, 3, 0.66666666666667, 0.4, 1, 0.91423010826111, '2019-02-09 12:44:26', '2019-02-09 12:44:26'),
(127, 18, 7, 2, 4, 0, 3, 0.66666666666667, 0.4, 1, 0.53637504577637, '2019-02-09 12:44:26', '2019-02-09 12:44:26'),
(128, 18, 8, 2, 5, 0, 2, 0.77777777777778, 0.5, 1, 0.3566300868988, '2019-02-09 12:44:26', '2019-02-09 12:44:26'),
(129, 18, 9, 3, 5, 0, 1, 0.88888888888889, 0.75, 1, 0.43914198875427, '2019-02-09 12:44:26', '2019-02-09 12:44:26'),
(130, 18, 10, 6, 2, 0, 1, 0.88888888888889, 0.85714285714286, 1, 0.40317606925964, '2019-02-09 12:44:26', '2019-02-09 12:44:26'),
(131, 19, 1, 2, 4, 0, 3, 0.66666666666667, 0.4, 1, 0.25917983055115, '2019-02-09 12:44:58', '2019-02-09 12:44:58'),
(132, 19, 2, 2, 3, 1, 3, 0.55555555555556, 0.4, 0.75, 0.31720209121704, '2019-02-09 12:44:58', '2019-02-09 12:44:58'),
(133, 19, 3, 4, 4, 0, 1, 0.88888888888889, 0.8, 1, 0.37034606933594, '2019-02-09 12:44:58', '2019-02-09 12:44:58'),
(134, 19, 4, 3, 4, 0, 2, 0.77777777777778, 0.6, 1, 0.31495404243469, '2019-02-09 12:44:58', '2019-02-09 12:44:58'),
(135, 19, 5, 1, 4, 0, 4, 0.55555555555556, 0.2, 1, 0.27599120140076, '2019-02-09 12:44:58', '2019-02-09 12:44:58'),
(136, 19, 6, 4, 4, 0, 1, 0.88888888888889, 0.8, 1, 0.37015604972839, '2019-02-09 12:44:58', '2019-02-09 12:44:58'),
(137, 19, 7, 2, 4, 0, 3, 0.66666666666667, 0.4, 1, 0.29321503639221, '2019-02-09 12:44:58', '2019-02-09 12:44:58'),
(138, 19, 8, 2, 5, 0, 2, 0.77777777777778, 0.5, 1, 0.32101702690125, '2019-02-09 12:44:58', '2019-02-09 12:44:58'),
(139, 19, 9, 4, 4, 0, 1, 0.88888888888889, 0.8, 1, 0.3292031288147, '2019-02-09 12:44:58', '2019-02-09 12:44:58'),
(140, 19, 10, 3, 5, 0, 1, 0.88888888888889, 0.75, 1, 0.4140989780426, '2019-02-09 12:44:58', '2019-02-09 12:44:58'),
(141, 20, 1, 1, 1, 0, 7, 0.22222222222222, 0.125, 1, 0.44521617889404, '2019-02-09 12:45:17', '2019-02-09 12:45:17'),
(142, 20, 2, 2, 2, 0, 5, 0.44444444444444, 0.28571428571429, 1, 0.5718309879303, '2019-02-09 12:45:17', '2019-02-09 12:45:17'),
(143, 20, 3, 4, 2, 0, 3, 0.66666666666667, 0.57142857142857, 1, 0.46170282363892, '2019-02-09 12:45:17', '2019-02-09 12:45:17'),
(144, 20, 4, 3, 2, 0, 4, 0.55555555555556, 0.42857142857143, 1, 0.4482569694519, '2019-02-09 12:45:17', '2019-02-09 12:45:17'),
(145, 20, 5, 5, 2, 0, 2, 0.77777777777778, 0.71428571428571, 1, 0.44307994842529, '2019-02-09 12:45:17', '2019-02-09 12:45:17'),
(146, 20, 6, 4, 2, 0, 3, 0.66666666666667, 0.57142857142857, 1, 0.42240715026855, '2019-02-09 12:45:17', '2019-02-09 12:45:17'),
(147, 20, 7, 3, 1, 0, 5, 0.44444444444444, 0.375, 1, 0.39121699333191, '2019-02-09 12:45:17', '2019-02-09 12:45:17'),
(148, 20, 8, 3, 2, 0, 4, 0.55555555555556, 0.42857142857143, 1, 0.39917993545532, '2019-02-09 12:45:17', '2019-02-09 12:45:17'),
(149, 20, 9, 4, 2, 0, 2, 0.75, 0.66666666666667, 1, 0.41738200187683, '2019-02-09 12:45:17', '2019-02-09 12:45:17'),
(150, 20, 10, 4, 3, 0, 3, 0.7, 0.57142857142857, 1, 0.36386609077454, '2019-02-09 12:45:17', '2019-02-09 12:45:17'),
(151, 21, 1, 4, 2, 0, 3, 0.66666666666667, 0.57142857142857, 1, 0.63060212135315, '2019-02-09 12:52:41', '2019-02-09 12:52:41'),
(152, 21, 2, 3, 1, 0, 5, 0.44444444444444, 0.375, 1, 0.63085103034973, '2019-02-09 12:52:41', '2019-02-09 12:52:41'),
(153, 21, 3, 4, 2, 0, 3, 0.66666666666667, 0.57142857142857, 1, 0.64276480674744, '2019-02-09 12:52:41', '2019-02-09 12:52:41'),
(154, 21, 4, 2, 2, 0, 5, 0.44444444444444, 0.28571428571429, 1, 0.71019887924194, '2019-02-09 12:52:41', '2019-02-09 12:52:41'),
(155, 21, 5, 3, 2, 0, 4, 0.55555555555556, 0.42857142857143, 1, 1.1183071136475, '2019-02-09 12:52:41', '2019-02-09 12:52:41'),
(156, 21, 6, 2, 2, 0, 5, 0.44444444444444, 0.28571428571429, 1, 0.8790979385376, '2019-02-09 12:52:41', '2019-02-09 12:52:41'),
(157, 21, 7, 4, 2, 0, 3, 0.66666666666667, 0.57142857142857, 1, 0.77145409584045, '2019-02-09 12:52:41', '2019-02-09 12:52:41'),
(158, 21, 8, 3, 2, 0, 4, 0.55555555555556, 0.42857142857143, 1, 0.5124979019165, '2019-02-09 12:52:41', '2019-02-09 12:52:41'),
(159, 21, 9, 3, 2, 0, 4, 0.55555555555556, 0.42857142857143, 1, 0.49812293052673, '2019-02-09 12:52:41', '2019-02-09 12:52:41'),
(160, 21, 10, 5, 2, 0, 2, 0.77777777777778, 0.71428571428571, 1, 0.49348998069763, '2019-02-09 12:52:41', '2019-02-09 12:52:41'),
(161, 22, 1, 4, 0, 0, 1, 0.8, 0.44444444444444, 0, 0.0020649433135986, '2019-04-02 20:27:46', '2019-04-02 20:27:46'),
(162, 22, 2, 3, 0, 0, 2, 0.6, 0.33333333333333, 0, 0.0017979145050049, '2019-04-02 20:27:46', '2019-04-02 20:27:46'),
(163, 22, 3, 2, 0, 0, 3, 0.4, 0.22222222222222, 0, 0.0016429424285889, '2019-04-02 20:27:46', '2019-04-02 20:27:46'),
(164, 22, 4, 3, 0, 0, 2, 0.6, 0.33333333333333, 0, 0.0017158985137939, '2019-04-02 20:27:46', '2019-04-02 20:27:46'),
(165, 22, 5, 5, 0, 0, 0, 1, 0.55555555555556, 0, 0.001582145690918, '2019-04-02 20:27:46', '2019-04-02 20:27:46'),
(166, 22, 6, 2, 0, 0, 3, 0.4, 0.22222222222222, 0, 0.0016491413116455, '2019-04-02 20:27:46', '2019-04-02 20:27:46'),
(167, 22, 7, 1, 0, 0, 3, 0.25, 0.11111111111111, 0, 0.0018210411071777, '2019-04-02 20:27:46', '2019-04-02 20:27:46'),
(168, 22, 8, 3, 0, 0, 1, 0.75, 0.33333333333333, 0, 0.0016119480133057, '2019-04-02 20:27:46', '2019-04-02 20:27:46'),
(169, 22, 9, 1, 0, 0, 3, 0.25, 0.11111111111111, 0, 0.0016429424285889, '2019-04-02 20:27:46', '2019-04-02 20:27:46'),
(170, 22, 10, 3, 0, 0, 3, 0.5, 0.33333333333333, 0, 0.0023918151855469, '2019-04-02 20:27:46', '2019-04-02 20:27:46'),
(171, 23, 1, 2, 2, 0, 5, 0.44444444444444, 0.28571428571429, 1, 0.0020558834075928, '2019-04-02 20:31:43', '2019-04-02 20:31:43'),
(172, 23, 2, 7, 2, 0, 0, 1, 1, 1, 0.0031509399414062, '2019-04-02 20:31:43', '2019-04-02 20:31:43'),
(173, 23, 3, 2, 1, 0, 6, 0.33333333333333, 0.25, 1, 0.0027828216552734, '2019-04-02 20:31:43', '2019-04-02 20:31:43'),
(174, 23, 4, 2, 1, 0, 6, 0.33333333333333, 0.25, 1, 0.0022211074829102, '2019-04-02 20:31:43', '2019-04-02 20:31:43'),
(175, 23, 5, 4, 2, 0, 3, 0.66666666666667, 0.57142857142857, 1, 0.0020620822906494, '2019-04-02 20:31:43', '2019-04-02 20:31:43'),
(176, 23, 6, 4, 2, 0, 3, 0.66666666666667, 0.57142857142857, 1, 0.0020239353179932, '2019-04-02 20:31:43', '2019-04-02 20:31:43'),
(177, 23, 7, 3, 2, 0, 4, 0.55555555555556, 0.42857142857143, 1, 0.0018889904022217, '2019-04-02 20:31:43', '2019-04-02 20:31:43'),
(178, 23, 8, 4, 2, 0, 3, 0.66666666666667, 0.57142857142857, 1, 0.0021030902862549, '2019-04-02 20:31:43', '2019-04-02 20:31:43'),
(179, 23, 9, 3, 2, 0, 3, 0.625, 0.5, 1, 0.0019209384918213, '2019-04-02 20:31:43', '2019-04-02 20:31:43'),
(180, 23, 10, 2, 3, 0, 5, 0.5, 0.28571428571429, 1, 0.0022430419921875, '2019-04-02 20:31:43', '2019-04-02 20:31:43'),
(181, 24, 1, 3, 2, 0, 4, 0.55555555555556, 0.42857142857143, 1, 0.0018520355224609, '2019-04-02 20:32:00', '2019-04-02 20:32:00'),
(182, 24, 2, 3, 1, 0, 5, 0.44444444444444, 0.375, 1, 0.0018689632415771, '2019-04-02 20:32:00', '2019-04-02 20:32:00'),
(183, 24, 3, 4, 1, 0, 4, 0.55555555555556, 0.5, 1, 0.0017349720001221, '2019-04-02 20:32:00', '2019-04-02 20:32:00'),
(184, 24, 4, 3, 1, 0, 5, 0.44444444444444, 0.375, 1, 0.0017960071563721, '2019-04-02 20:32:00', '2019-04-02 20:32:00'),
(185, 24, 5, 4, 2, 0, 3, 0.66666666666667, 0.57142857142857, 1, 0.0017900466918945, '2019-04-02 20:32:00', '2019-04-02 20:32:00'),
(186, 24, 6, 2, 2, 0, 5, 0.44444444444444, 0.28571428571429, 1, 0.0023610591888428, '2019-04-02 20:32:00', '2019-04-02 20:32:00'),
(187, 24, 7, 5, 2, 0, 2, 0.77777777777778, 0.71428571428571, 1, 0.0017349720001221, '2019-04-02 20:32:00', '2019-04-02 20:32:00'),
(188, 24, 8, 4, 2, 0, 3, 0.66666666666667, 0.57142857142857, 1, 0.0018370151519775, '2019-04-02 20:32:00', '2019-04-02 20:32:00'),
(189, 24, 9, 2, 2, 0, 4, 0.5, 0.33333333333333, 1, 0.0020008087158203, '2019-04-02 20:32:00', '2019-04-02 20:32:00'),
(190, 24, 10, 3, 4, 0, 3, 0.7, 0.5, 1, 0.0018501281738281, '2019-04-02 20:32:00', '2019-04-02 20:32:00'),
(191, 25, 1, 4, 1, 0, 4, 0.55555555555556, 0.5, 1, 0.001957893371582, '2019-04-02 20:34:51', '2019-04-02 20:34:51'),
(192, 25, 2, 3, 1, 0, 5, 0.44444444444444, 0.375, 1, 0.0017478466033936, '2019-04-02 20:34:51', '2019-04-02 20:34:51'),
(193, 25, 3, 2, 2, 0, 5, 0.44444444444444, 0.28571428571429, 1, 0.002140998840332, '2019-04-02 20:34:51', '2019-04-02 20:34:51'),
(194, 25, 4, 3, 2, 0, 4, 0.55555555555556, 0.42857142857143, 1, 0.0021109580993652, '2019-04-02 20:34:51', '2019-04-02 20:34:51'),
(195, 25, 5, 3, 2, 0, 4, 0.55555555555556, 0.42857142857143, 1, 0.002312183380127, '2019-04-02 20:34:51', '2019-04-02 20:34:51'),
(196, 25, 6, 4, 2, 0, 3, 0.66666666666667, 0.57142857142857, 1, 0.0028340816497803, '2019-04-02 20:34:51', '2019-04-02 20:34:51'),
(197, 25, 7, 3, 2, 0, 4, 0.55555555555556, 0.42857142857143, 1, 0.0022201538085938, '2019-04-02 20:34:51', '2019-04-02 20:34:51'),
(198, 25, 8, 3, 2, 0, 4, 0.55555555555556, 0.42857142857143, 1, 0.0025038719177246, '2019-04-02 20:34:51', '2019-04-02 20:34:51'),
(199, 25, 9, 4, 2, 0, 2, 0.75, 0.66666666666667, 1, 0.0016508102416992, '2019-04-02 20:34:51', '2019-04-02 20:34:51'),
(200, 25, 10, 4, 3, 0, 3, 0.7, 0.57142857142857, 1, 0.0021131038665771, '2019-04-02 20:34:51', '2019-04-02 20:34:51'),
(201, 26, 1, 4, 2, 0, 3, 0.66666666666667, 0.57142857142857, 1, 0.012737035751343, '2019-04-02 20:35:09', '2019-04-02 20:35:09'),
(202, 26, 2, 3, 1, 0, 5, 0.44444444444444, 0.375, 1, 0.010372877120972, '2019-04-02 20:35:09', '2019-04-02 20:35:09'),
(203, 26, 3, 4, 2, 0, 3, 0.66666666666667, 0.57142857142857, 1, 0.0078821182250977, '2019-04-02 20:35:09', '2019-04-02 20:35:09'),
(204, 26, 4, 2, 2, 0, 5, 0.44444444444444, 0.28571428571429, 1, 0.0078730583190918, '2019-04-02 20:35:09', '2019-04-02 20:35:09'),
(205, 26, 5, 4, 1, 0, 4, 0.55555555555556, 0.5, 1, 0.0085399150848389, '2019-04-02 20:35:09', '2019-04-02 20:35:09'),
(206, 26, 6, 4, 2, 0, 3, 0.66666666666667, 0.57142857142857, 1, 0.0085179805755615, '2019-04-02 20:35:09', '2019-04-02 20:35:09'),
(207, 26, 7, 3, 2, 0, 4, 0.55555555555556, 0.42857142857143, 1, 0.0085060596466064, '2019-04-02 20:35:09', '2019-04-02 20:35:09'),
(208, 26, 8, 2, 2, 0, 5, 0.44444444444444, 0.28571428571429, 1, 0.0078990459442139, '2019-04-02 20:35:09', '2019-04-02 20:35:09'),
(209, 26, 9, 3, 2, 0, 3, 0.625, 0.5, 1, 0.0072619915008545, '2019-04-02 20:35:09', '2019-04-02 20:35:09'),
(210, 26, 10, 4, 3, 0, 3, 0.7, 0.57142857142857, 1, 0.010243892669678, '2019-04-02 20:35:09', '2019-04-02 20:35:09'),
(211, 27, 1, 2, 1, 0, 6, 0.33333333333333, 0.25, 1, 0.0017719268798828, '2019-04-02 20:35:24', '2019-04-02 20:35:24'),
(212, 27, 2, 3, 2, 0, 4, 0.55555555555556, 0.42857142857143, 1, 0.0019421577453613, '2019-04-02 20:35:24', '2019-04-02 20:35:24'),
(213, 27, 3, 3, 2, 0, 4, 0.55555555555556, 0.42857142857143, 1, 0.0018558502197266, '2019-04-02 20:35:24', '2019-04-02 20:35:24'),
(214, 27, 4, 4, 2, 0, 3, 0.66666666666667, 0.57142857142857, 1, 0.0018150806427002, '2019-04-02 20:35:24', '2019-04-02 20:35:24'),
(215, 27, 5, 4, 2, 0, 3, 0.66666666666667, 0.57142857142857, 1, 0.0020468235015869, '2019-04-02 20:35:24', '2019-04-02 20:35:24'),
(216, 27, 6, 4, 2, 0, 3, 0.66666666666667, 0.57142857142857, 1, 0.0020360946655273, '2019-04-02 20:35:24', '2019-04-02 20:35:24'),
(217, 27, 7, 3, 1, 0, 5, 0.44444444444444, 0.375, 1, 0.0018339157104492, '2019-04-02 20:35:24', '2019-04-02 20:35:24'),
(218, 27, 8, 4, 2, 0, 3, 0.66666666666667, 0.57142857142857, 1, 0.0020170211791992, '2019-04-02 20:35:24', '2019-04-02 20:35:24'),
(219, 27, 9, 4, 2, 0, 3, 0.66666666666667, 0.57142857142857, 1, 0.0020298957824707, '2019-04-02 20:35:24', '2019-04-02 20:35:24'),
(220, 27, 10, 2, 3, 0, 4, 0.55555555555556, 0.33333333333333, 1, 0.0021259784698486, '2019-04-02 20:35:24', '2019-04-02 20:35:24'),
(221, 28, 1, 4, 4, 0, 1, 0.88888888888889, 0.8, 1, 0.0016229152679443, '2019-04-02 20:36:03', '2019-04-02 20:36:03'),
(222, 28, 2, 2, 4, 0, 3, 0.66666666666667, 0.4, 1, 0.0015602111816406, '2019-04-02 20:36:03', '2019-04-02 20:36:03'),
(223, 28, 3, 1, 5, 0, 3, 0.66666666666667, 0.25, 1, 0.0017402172088623, '2019-04-02 20:36:03', '2019-04-02 20:36:03'),
(224, 28, 4, 3, 4, 0, 2, 0.77777777777778, 0.6, 1, 0.0015890598297119, '2019-04-02 20:36:03', '2019-04-02 20:36:03'),
(225, 28, 5, 5, 4, 0, 0, 1, 1, 1, 0.0017139911651611, '2019-04-02 20:36:03', '2019-04-02 20:36:03'),
(226, 28, 6, 3, 4, 0, 2, 0.77777777777778, 0.6, 1, 0.0015630722045898, '2019-04-02 20:36:03', '2019-04-02 20:36:03'),
(227, 28, 7, 3, 4, 0, 2, 0.77777777777778, 0.6, 1, 0.0016460418701172, '2019-04-02 20:36:03', '2019-04-02 20:36:03'),
(228, 28, 8, 3, 4, 0, 2, 0.77777777777778, 0.6, 1, 0.0016129016876221, '2019-04-02 20:36:03', '2019-04-02 20:36:03'),
(229, 28, 9, 1, 4, 1, 3, 0.55555555555556, 0.25, 0.8, 0.0017769336700439, '2019-04-02 20:36:03', '2019-04-02 20:36:03'),
(230, 28, 10, 2, 4, 0, 3, 0.66666666666667, 0.4, 1, 0.0016179084777832, '2019-04-02 20:36:03', '2019-04-02 20:36:03'),
(231, 29, 1, 2, 5, 0, 2, 0.77777777777778, 0.5, 1, 0.001680850982666, '2019-04-02 20:36:34', '2019-04-02 20:36:34'),
(232, 29, 2, 2, 4, 0, 3, 0.66666666666667, 0.4, 1, 0.0019237995147705, '2019-04-02 20:36:34', '2019-04-02 20:36:34'),
(233, 29, 3, 2, 4, 0, 3, 0.66666666666667, 0.4, 1, 0.0016908645629883, '2019-04-02 20:36:34', '2019-04-02 20:36:34'),
(234, 29, 4, 2, 5, 0, 2, 0.77777777777778, 0.5, 1, 0.00154709815979, '2019-04-02 20:36:34', '2019-04-02 20:36:34'),
(235, 29, 5, 3, 4, 0, 2, 0.77777777777778, 0.6, 1, 0.0016939640045166, '2019-04-02 20:36:34', '2019-04-02 20:36:34'),
(236, 29, 6, 3, 4, 0, 2, 0.77777777777778, 0.6, 1, 0.0020248889923096, '2019-04-02 20:36:34', '2019-04-02 20:36:34'),
(237, 29, 7, 5, 3, 1, 0, 0.88888888888889, 1, 0.75, 0.001716136932373, '2019-04-02 20:36:34', '2019-04-02 20:36:34'),
(238, 29, 8, 3, 4, 0, 2, 0.77777777777778, 0.6, 1, 0.0016758441925049, '2019-04-02 20:36:34', '2019-04-02 20:36:34'),
(239, 29, 9, 3, 4, 0, 2, 0.77777777777778, 0.6, 1, 0.0017139911651611, '2019-04-02 20:36:34', '2019-04-02 20:36:34'),
(240, 29, 10, 2, 4, 0, 3, 0.66666666666667, 0.4, 1, 0.0016388893127441, '2019-04-02 20:36:34', '2019-04-02 20:36:34'),
(241, 30, 1, 5, 1, 0, 3, 0.66666666666667, 0.625, 1, 0.0018620491027832, '2019-04-05 07:53:18', '2019-04-05 07:53:18'),
(242, 30, 2, 0, 1, 0, 8, 0.11111111111111, 0, 1, 0.0018930435180664, '2019-04-05 07:53:18', '2019-04-05 07:53:18'),
(243, 30, 3, 4, 2, 0, 3, 0.66666666666667, 0.57142857142857, 1, 0.00180983543396, '2019-04-05 07:53:18', '2019-04-05 07:53:18'),
(244, 30, 4, 2, 2, 0, 5, 0.44444444444444, 0.28571428571429, 1, 0.0017681121826172, '2019-04-05 07:53:18', '2019-04-05 07:53:18'),
(245, 30, 5, 3, 1, 0, 5, 0.44444444444444, 0.375, 1, 0.0021588802337646, '2019-04-05 07:53:18', '2019-04-05 07:53:18'),
(246, 30, 6, 5, 2, 0, 2, 0.77777777777778, 0.71428571428571, 1, 0.0025320053100586, '2019-04-05 07:53:18', '2019-04-05 07:53:18'),
(247, 30, 7, 4, 2, 0, 3, 0.66666666666667, 0.57142857142857, 1, 0.0018589496612549, '2019-04-05 07:53:18', '2019-04-05 07:53:18'),
(248, 30, 8, 5, 2, 0, 2, 0.77777777777778, 0.71428571428571, 1, 0.0017919540405273, '2019-04-05 07:53:18', '2019-04-05 07:53:18'),
(249, 30, 9, 3, 2, 0, 3, 0.625, 0.5, 1, 0.0016810894012451, '2019-04-05 07:53:18', '2019-04-05 07:53:18'),
(250, 30, 10, 2, 4, 0, 4, 0.6, 0.33333333333333, 1, 0.0021069049835205, '2019-04-05 07:53:18', '2019-04-05 07:53:18'),
(251, 31, 1, 3, 0, 0, 1, 0.75, 0.33333333333333, 0, 0.0017528533935547, '2019-04-05 18:21:07', '2019-04-05 18:21:07'),
(252, 31, 2, 1, 0, 0, 3, 0.25, 0.11111111111111, 0, 0.0016818046569824, '2019-04-05 18:21:07', '2019-04-05 18:21:07'),
(253, 31, 3, 4, 0, 0, 0, 1, 0.44444444444444, 0, 0.0016210079193115, '2019-04-05 18:21:07', '2019-04-05 18:21:07'),
(254, 31, 4, 2, 0, 0, 2, 0.5, 0.22222222222222, 0, 0.0016231536865234, '2019-04-05 18:21:07', '2019-04-05 18:21:07'),
(255, 31, 5, 1, 0, 0, 3, 0.25, 0.11111111111111, 0, 0.0023500919342041, '2019-04-05 18:21:07', '2019-04-05 18:21:07'),
(256, 31, 6, 2, 0, 0, 3, 0.4, 0.22222222222222, 0, 0.001655101776123, '2019-04-05 18:21:07', '2019-04-05 18:21:07'),
(257, 31, 7, 3, 0, 0, 2, 0.6, 0.33333333333333, 0, 0.0016310214996338, '2019-04-05 18:21:07', '2019-04-05 18:21:07'),
(258, 31, 8, 3, 0, 0, 2, 0.6, 0.33333333333333, 0, 0.001594066619873, '2019-04-05 18:21:07', '2019-04-05 18:21:07'),
(259, 31, 9, 4, 0, 0, 1, 0.8, 0.57142857142857, 0, 0.0015571117401123, '2019-04-05 18:21:07', '2019-04-05 18:21:07'),
(260, 31, 10, 4, 0, 0, 4, 0.5, 0.36363636363636, 0, 0.0019590854644775, '2019-04-05 18:21:07', '2019-04-05 18:21:07'),
(261, 32, 1, 4, 0, 0, 0, 1, 0.44444444444444, 0, 0.0015809535980225, '2019-04-05 18:21:50', '2019-04-05 18:21:50'),
(262, 32, 2, 2, 0, 0, 2, 0.5, 0.22222222222222, 0, 0.0016751289367676, '2019-04-05 18:21:50', '2019-04-05 18:21:50'),
(263, 32, 3, 2, 0, 0, 3, 0.4, 0.22222222222222, 0, 0.0016069412231445, '2019-04-05 18:21:50', '2019-04-05 18:21:50'),
(264, 32, 4, 4, 0, 0, 1, 0.8, 0.44444444444444, 0, 0.0016698837280273, '2019-04-05 18:21:50', '2019-04-05 18:21:50'),
(265, 32, 5, 2, 0, 0, 3, 0.4, 0.22222222222222, 0, 0.00154709815979, '2019-04-05 18:21:50', '2019-04-05 18:21:50'),
(266, 32, 6, 3, 0, 0, 2, 0.6, 0.33333333333333, 0, 0.0016958713531494, '2019-04-05 18:21:50', '2019-04-05 18:21:50'),
(267, 32, 7, 2, 0, 0, 2, 0.5, 0.22222222222222, 0, 0.0015659332275391, '2019-04-05 18:21:50', '2019-04-05 18:21:50'),
(268, 32, 8, 1, 0, 0, 3, 0.25, 0.11111111111111, 0, 0.0015199184417725, '2019-04-05 18:21:50', '2019-04-05 18:21:50'),
(269, 32, 9, 3, 0, 0, 2, 0.6, 0.33333333333333, 0, 0.0018489360809326, '2019-04-05 18:21:50', '2019-04-05 18:21:50'),
(270, 32, 10, 4, 0, 0, 3, 0.57142857142857, 0.44444444444444, 0, 0.0015819072723389, '2019-04-05 18:21:50', '2019-04-05 18:21:50'),
(271, 33, 1, 3, 0, 0, 1, 0.75, 0.33333333333333, 0, 0.0017719268798828, '2019-04-05 18:22:01', '2019-04-05 18:22:01'),
(272, 33, 2, 4, 0, 0, 0, 1, 0.44444444444444, 0, 0.0016379356384277, '2019-04-05 18:22:01', '2019-04-05 18:22:01'),
(273, 33, 3, 2, 0, 0, 3, 0.4, 0.22222222222222, 0, 0.0015559196472168, '2019-04-05 18:22:01', '2019-04-05 18:22:01'),
(274, 33, 4, 0, 0, 0, 5, 0, 0, 0, 0.0017580986022949, '2019-04-05 18:22:01', '2019-04-05 18:22:01'),
(275, 33, 5, 4, 0, 0, 1, 0.8, 0.44444444444444, 0, 0.0018649101257324, '2019-04-05 18:22:01', '2019-04-05 18:22:01'),
(276, 33, 6, 2, 0, 0, 3, 0.4, 0.22222222222222, 0, 0.0014510154724121, '2019-04-05 18:22:01', '2019-04-05 18:22:01'),
(277, 33, 7, 2, 0, 0, 3, 0.4, 0.22222222222222, 0, 0.0016119480133057, '2019-04-05 18:22:01', '2019-04-05 18:22:01'),
(278, 33, 8, 4, 0, 0, 0, 1, 0.44444444444444, 0, 0.001708984375, '2019-04-05 18:22:01', '2019-04-05 18:22:01'),
(279, 33, 9, 3, 0, 0, 2, 0.6, 0.33333333333333, 0, 0.0014481544494629, '2019-04-05 18:22:01', '2019-04-05 18:22:01'),
(280, 33, 10, 3, 0, 0, 3, 0.5, 0.33333333333333, 0, 0.0016229152679443, '2019-04-05 18:22:01', '2019-04-05 18:22:01'),
(281, 34, 1, 2, 0, 0, 3, 0.4, 0.22222222222222, 0, 0.0018482208251953, '2019-04-05 18:22:33', '2019-04-05 18:22:33'),
(282, 34, 2, 1, 0, 0, 4, 0.2, 0.11111111111111, 0, 0.0017590522766113, '2019-04-05 18:22:33', '2019-04-05 18:22:33'),
(283, 34, 3, 3, 0, 0, 2, 0.6, 0.33333333333333, 0, 0.0021660327911377, '2019-04-05 18:22:33', '2019-04-05 18:22:33'),
(284, 34, 4, 0, 0, 0, 5, 0, 0, 0, 0.0016179084777832, '2019-04-05 18:22:33', '2019-04-05 18:22:33'),
(285, 34, 5, 3, 0, 0, 2, 0.6, 0.33333333333333, 0, 0.0017631053924561, '2019-04-05 18:22:33', '2019-04-05 18:22:33'),
(286, 34, 6, 3, 0, 0, 2, 0.6, 0.33333333333333, 0, 0.0015499591827393, '2019-04-05 18:22:33', '2019-04-05 18:22:33'),
(287, 34, 7, 3, 0, 0, 2, 0.6, 0.33333333333333, 0, 0.0017790794372559, '2019-04-05 18:22:33', '2019-04-05 18:22:33'),
(288, 34, 8, 4, 0, 0, 1, 0.8, 0.44444444444444, 0, 0.0015020370483398, '2019-04-05 18:22:33', '2019-04-05 18:22:33'),
(289, 34, 9, 5, 0, 0, 0, 1, 0.55555555555556, 0, 0.0014910697937012, '2019-04-05 18:22:33', '2019-04-05 18:22:33'),
(290, 34, 10, 3, 0, 0, 0, 1, 0.33333333333333, 0, 0.001349925994873, '2019-04-05 18:22:33', '2019-04-05 18:22:33'),
(291, 35, 1, 3, 0, 0, 1, 0.75, 0.33333333333333, 0, 0.0018749237060547, '2019-04-05 18:22:44', '2019-04-05 18:22:44'),
(292, 35, 2, 2, 0, 0, 2, 0.5, 0.22222222222222, 0, 0.0018069744110107, '2019-04-05 18:22:44', '2019-04-05 18:22:44'),
(293, 35, 3, 3, 0, 0, 2, 0.6, 0.33333333333333, 0, 0.001816987991333, '2019-04-05 18:22:44', '2019-04-05 18:22:44'),
(294, 35, 4, 4, 0, 0, 0, 1, 0.44444444444444, 0, 0.0020310878753662, '2019-04-05 18:22:44', '2019-04-05 18:22:44'),
(295, 35, 5, 2, 0, 0, 2, 0.5, 0.22222222222222, 0, 0.001863956451416, '2019-04-05 18:22:44', '2019-04-05 18:22:44'),
(296, 35, 6, 4, 0, 0, 1, 0.8, 0.44444444444444, 0, 0.0016529560089111, '2019-04-05 18:22:44', '2019-04-05 18:22:44'),
(297, 35, 7, 1, 0, 0, 4, 0.2, 0.11111111111111, 0, 0.0016231536865234, '2019-04-05 18:22:44', '2019-04-05 18:22:44'),
(298, 35, 8, 3, 0, 0, 2, 0.6, 0.33333333333333, 0, 0.0016770362854004, '2019-04-05 18:22:44', '2019-04-05 18:22:44'),
(299, 35, 9, 0, 0, 0, 5, 0, 0, 0, 0.0014729499816895, '2019-04-05 18:22:44', '2019-04-05 18:22:44'),
(300, 35, 10, 5, 0, 0, 2, 0.71428571428571, 0.5, 0, 0.0018219947814941, '2019-04-05 18:22:44', '2019-04-05 18:22:44'),
(301, 36, 1, 1, 0, 0, 4, 0.2, 0.11111111111111, 0, 0.0016119480133057, '2019-04-05 18:23:13', '2019-04-05 18:23:13'),
(302, 36, 2, 3, 0, 0, 1, 0.75, 0.33333333333333, 0, 0.001676082611084, '2019-04-05 18:23:13', '2019-04-05 18:23:13'),
(303, 36, 3, 2, 0, 0, 3, 0.4, 0.22222222222222, 0, 0.0020129680633545, '2019-04-05 18:23:13', '2019-04-05 18:23:13'),
(304, 36, 4, 4, 0, 0, 1, 0.8, 0.44444444444444, 0, 0.0018351078033447, '2019-04-05 18:23:13', '2019-04-05 18:23:13'),
(305, 36, 5, 2, 0, 0, 3, 0.4, 0.22222222222222, 0, 0.001676082611084, '2019-04-05 18:23:13', '2019-04-05 18:23:13'),
(306, 36, 6, 3, 0, 0, 2, 0.6, 0.33333333333333, 0, 0.0017738342285156, '2019-04-05 18:23:13', '2019-04-05 18:23:13'),
(307, 36, 7, 3, 0, 0, 2, 0.6, 0.33333333333333, 0, 0.001629114151001, '2019-04-05 18:23:13', '2019-04-05 18:23:13'),
(308, 36, 8, 3, 0, 0, 2, 0.6, 0.33333333333333, 0, 0.0016119480133057, '2019-04-05 18:23:13', '2019-04-05 18:23:13'),
(309, 36, 9, 3, 0, 0, 2, 0.6, 0.375, 0, 0.0015017986297607, '2019-04-05 18:23:13', '2019-04-05 18:23:13'),
(310, 36, 10, 3, 0, 0, 1, 0.75, 0.3, 0, 0.0018789768218994, '2019-04-05 18:23:13', '2019-04-05 18:23:13'),
(311, 37, 1, 3, 0, 0, 1, 0.75, 0.33333333333333, 0, 0.0017158985137939, '2019-04-05 18:23:21', '2019-04-05 18:23:21'),
(312, 37, 2, 4, 0, 0, 1, 0.8, 0.44444444444444, 0, 0.0016050338745117, '2019-04-05 18:23:21', '2019-04-05 18:23:21'),
(313, 37, 3, 1, 0, 0, 4, 0.2, 0.11111111111111, 0, 0.0026569366455078, '2019-04-05 18:23:21', '2019-04-05 18:23:21'),
(314, 37, 4, 4, 0, 0, 0, 1, 0.44444444444444, 0, 0.0014991760253906, '2019-04-05 18:23:21', '2019-04-05 18:23:21'),
(315, 37, 5, 1, 0, 0, 4, 0.2, 0.11111111111111, 0, 0.0016288757324219, '2019-04-05 18:23:21', '2019-04-05 18:23:21'),
(316, 37, 6, 2, 0, 0, 3, 0.4, 0.22222222222222, 0, 0.0015370845794678, '2019-04-05 18:23:21', '2019-04-05 18:23:21'),
(317, 37, 7, 2, 0, 0, 3, 0.4, 0.22222222222222, 0, 0.0015518665313721, '2019-04-05 18:23:21', '2019-04-05 18:23:21'),
(318, 37, 8, 3, 0, 0, 2, 0.6, 0.33333333333333, 0, 0.0015909671783447, '2019-04-05 18:23:21', '2019-04-05 18:23:21'),
(319, 37, 9, 2, 0, 0, 3, 0.4, 0.22222222222222, 0, 0.0016341209411621, '2019-04-05 18:23:21', '2019-04-05 18:23:21'),
(320, 37, 10, 5, 0, 0, 0, 1, 0.55555555555556, 0, 0.001662015914917, '2019-04-05 18:23:21', '2019-04-05 18:23:21'),
(321, 38, 1, 2, 1, 0, 6, 0.33333333333333, 0.25, 1, 0.0018610954284668, '2019-04-05 18:23:48', '2019-04-05 18:23:48'),
(322, 38, 2, 5, 2, 0, 2, 0.77777777777778, 0.71428571428571, 1, 0.0018579959869385, '2019-04-05 18:23:48', '2019-04-05 18:23:48'),
(323, 38, 3, 5, 2, 0, 2, 0.77777777777778, 0.71428571428571, 1, 0.001945972442627, '2019-04-05 18:23:48', '2019-04-05 18:23:48'),
(324, 38, 4, 4, 2, 0, 3, 0.66666666666667, 0.57142857142857, 1, 0.0019769668579102, '2019-04-05 18:23:48', '2019-04-05 18:23:48'),
(325, 38, 5, 4, 2, 0, 3, 0.66666666666667, 0.57142857142857, 1, 0.0018160343170166, '2019-04-05 18:23:48', '2019-04-05 18:23:48'),
(326, 38, 6, 1, 2, 0, 6, 0.33333333333333, 0.14285714285714, 1, 0.0017039775848389, '2019-04-05 18:23:48', '2019-04-05 18:23:48'),
(327, 38, 7, 1, 2, 0, 6, 0.33333333333333, 0.14285714285714, 1, 0.0021250247955322, '2019-04-05 18:23:48', '2019-04-05 18:23:48'),
(328, 38, 8, 5, 2, 0, 2, 0.77777777777778, 0.71428571428571, 1, 0.0021231174468994, '2019-04-05 18:23:48', '2019-04-05 18:23:48'),
(329, 38, 9, 3, 2, 0, 4, 0.55555555555556, 0.42857142857143, 1, 0.0020639896392822, '2019-04-05 18:23:48', '2019-04-05 18:23:48'),
(330, 38, 10, 3, 2, 0, 4, 0.55555555555556, 0.42857142857143, 1, 0.0016899108886719, '2019-04-05 18:23:48', '2019-04-05 18:23:48'),
(331, 39, 1, 5, 1, 0, 3, 0.66666666666667, 0.625, 1, 0.0020670890808105, '2019-04-05 18:23:56', '2019-04-05 18:23:56'),
(332, 39, 2, 4, 1, 0, 4, 0.55555555555556, 0.5, 1, 0.0027580261230469, '2019-04-05 18:23:56', '2019-04-05 18:23:56'),
(333, 39, 3, 3, 2, 0, 4, 0.55555555555556, 0.42857142857143, 1, 0.0018558502197266, '2019-04-05 18:23:56', '2019-04-05 18:23:56'),
(334, 39, 4, 4, 1, 0, 4, 0.55555555555556, 0.5, 1, 0.0019350051879883, '2019-04-05 18:23:56', '2019-04-05 18:23:56'),
(335, 39, 5, 5, 1, 0, 3, 0.66666666666667, 0.625, 1, 0.0021021366119385, '2019-04-05 18:23:56', '2019-04-05 18:23:56'),
(336, 39, 6, 1, 2, 0, 6, 0.33333333333333, 0.14285714285714, 1, 0.001845121383667, '2019-04-05 18:23:56', '2019-04-05 18:23:56'),
(337, 39, 7, 3, 2, 0, 4, 0.55555555555556, 0.42857142857143, 1, 0.001978874206543, '2019-04-05 18:23:56', '2019-04-05 18:23:56'),
(338, 39, 8, 4, 2, 0, 3, 0.66666666666667, 0.57142857142857, 1, 0.0018010139465332, '2019-04-05 18:23:56', '2019-04-05 18:23:56'),
(339, 39, 9, 2, 2, 0, 3, 0.57142857142857, 0.4, 1, 0.0014569759368896, '2019-04-05 18:23:56', '2019-04-05 18:23:56'),
(340, 39, 10, 2, 5, 0, 4, 0.63636363636364, 0.33333333333333, 1, 0.0022990703582764, '2019-04-05 18:23:56', '2019-04-05 18:23:56'),
(341, 40, 1, 3, 2, 0, 4, 0.55555555555556, 0.42857142857143, 1, 0.001755952835083, '2019-04-05 18:24:40', '2019-04-05 18:24:40'),
(342, 40, 2, 4, 2, 0, 3, 0.66666666666667, 0.57142857142857, 1, 0.0017120838165283, '2019-04-05 18:24:40', '2019-04-05 18:24:40'),
(343, 40, 3, 4, 2, 0, 3, 0.66666666666667, 0.57142857142857, 1, 0.0016231536865234, '2019-04-05 18:24:40', '2019-04-05 18:24:40'),
(344, 40, 4, 4, 2, 0, 3, 0.66666666666667, 0.57142857142857, 1, 0.0017440319061279, '2019-04-05 18:24:40', '2019-04-05 18:24:40'),
(345, 40, 5, 2, 2, 0, 5, 0.44444444444444, 0.28571428571429, 1, 0.0024309158325195, '2019-04-05 18:24:40', '2019-04-05 18:24:40'),
(346, 40, 6, 1, 2, 0, 6, 0.33333333333333, 0.14285714285714, 1, 0.0023739337921143, '2019-04-05 18:24:40', '2019-04-05 18:24:40'),
(347, 40, 7, 4, 2, 0, 3, 0.66666666666667, 0.57142857142857, 1, 0.002094030380249, '2019-04-05 18:24:40', '2019-04-05 18:24:40'),
(348, 40, 8, 2, 2, 0, 5, 0.44444444444444, 0.28571428571429, 1, 0.0020761489868164, '2019-04-05 18:24:40', '2019-04-05 18:24:40'),
(349, 40, 9, 5, 2, 0, 2, 0.77777777777778, 0.71428571428571, 1, 0.0024688243865967, '2019-04-05 18:24:40', '2019-04-05 18:24:40'),
(350, 40, 10, 4, 1, 0, 4, 0.55555555555556, 0.5, 1, 0.0026090145111084, '2019-04-05 18:24:40', '2019-04-05 18:24:40'),
(351, 41, 1, 5, 1, 0, 3, 0.66666666666667, 0.625, 1, 0.0017199516296387, '2019-04-05 18:24:49', '2019-04-05 18:24:49'),
(352, 41, 2, 3, 2, 0, 4, 0.55555555555556, 0.42857142857143, 1, 0.0018079280853271, '2019-04-05 18:24:49', '2019-04-05 18:24:49'),
(353, 41, 3, 4, 2, 0, 3, 0.66666666666667, 0.57142857142857, 1, 0.0019369125366211, '2019-04-05 18:24:49', '2019-04-05 18:24:49'),
(354, 41, 4, 6, 2, 0, 1, 0.88888888888889, 0.85714285714286, 1, 0.0018000602722168, '2019-04-05 18:24:49', '2019-04-05 18:24:49'),
(355, 41, 5, 2, 2, 0, 5, 0.44444444444444, 0.28571428571429, 1, 0.0016980171203613, '2019-04-05 18:24:49', '2019-04-05 18:24:49'),
(356, 41, 6, 2, 2, 0, 5, 0.44444444444444, 0.28571428571429, 1, 0.0016849040985107, '2019-04-05 18:24:49', '2019-04-05 18:24:49'),
(357, 41, 7, 3, 2, 0, 4, 0.55555555555556, 0.42857142857143, 1, 0.0017940998077393, '2019-04-05 18:24:49', '2019-04-05 18:24:49'),
(358, 41, 8, 3, 2, 0, 4, 0.55555555555556, 0.42857142857143, 1, 0.0017111301422119, '2019-04-05 18:24:49', '2019-04-05 18:24:49'),
(359, 41, 9, 4, 1, 0, 4, 0.55555555555556, 0.5, 1, 0.0017328262329102, '2019-04-05 18:24:49', '2019-04-05 18:24:49'),
(360, 41, 10, 1, 3, 0, 5, 0.44444444444444, 0.16666666666667, 1, 0.0015251636505127, '2019-04-05 18:24:49', '2019-04-05 18:24:49'),
(361, 42, 1, 2, 2, 0, 5, 0.44444444444444, 0.28571428571429, 1, 0.0028440952301025, '2019-04-05 18:25:17', '2019-04-05 18:25:17'),
(362, 42, 2, 3, 2, 0, 4, 0.55555555555556, 0.42857142857143, 1, 0.0019991397857666, '2019-04-05 18:25:17', '2019-04-05 18:25:17'),
(363, 42, 3, 4, 2, 0, 3, 0.66666666666667, 0.57142857142857, 1, 0.0017600059509277, '2019-04-05 18:25:17', '2019-04-05 18:25:17'),
(364, 42, 4, 2, 1, 0, 6, 0.33333333333333, 0.25, 1, 0.0023949146270752, '2019-04-05 18:25:17', '2019-04-05 18:25:17'),
(365, 42, 5, 4, 2, 0, 3, 0.66666666666667, 0.57142857142857, 1, 0.0023810863494873, '2019-04-05 18:25:17', '2019-04-05 18:25:17'),
(366, 42, 6, 4, 2, 0, 3, 0.66666666666667, 0.57142857142857, 1, 0.0022711753845215, '2019-04-05 18:25:17', '2019-04-05 18:25:17'),
(367, 42, 7, 4, 2, 0, 3, 0.66666666666667, 0.57142857142857, 1, 0.0023078918457031, '2019-04-05 18:25:17', '2019-04-05 18:25:17'),
(368, 42, 8, 2, 2, 0, 5, 0.44444444444444, 0.28571428571429, 1, 0.0017478466033936, '2019-04-05 18:25:17', '2019-04-05 18:25:17'),
(369, 42, 9, 4, 2, 0, 3, 0.66666666666667, 0.57142857142857, 1, 0.0019040107727051, '2019-04-05 18:25:17', '2019-04-05 18:25:17'),
(370, 42, 10, 4, 2, 0, 3, 0.66666666666667, 0.57142857142857, 1, 0.0022919178009033, '2019-04-05 18:25:17', '2019-04-05 18:25:17'),
(371, 43, 1, 5, 1, 0, 3, 0.66666666666667, 0.625, 1, 0.0020308494567871, '2019-04-05 18:25:26', '2019-04-05 18:25:26'),
(372, 43, 2, 3, 1, 0, 5, 0.44444444444444, 0.375, 1, 0.0019338130950928, '2019-04-05 18:25:26', '2019-04-05 18:25:26'),
(373, 43, 3, 4, 2, 0, 3, 0.66666666666667, 0.57142857142857, 1, 0.0019052028656006, '2019-04-05 18:25:26', '2019-04-05 18:25:26'),
(374, 43, 4, 1, 2, 0, 6, 0.33333333333333, 0.14285714285714, 1, 0.0016829967498779, '2019-04-05 18:25:26', '2019-04-05 18:25:26'),
(375, 43, 5, 4, 2, 0, 3, 0.66666666666667, 0.57142857142857, 1, 0.0016751289367676, '2019-04-05 18:25:26', '2019-04-05 18:25:26'),
(376, 43, 6, 2, 2, 0, 5, 0.44444444444444, 0.28571428571429, 1, 0.0021090507507324, '2019-04-05 18:25:26', '2019-04-05 18:25:26'),
(377, 43, 7, 4, 2, 0, 3, 0.66666666666667, 0.57142857142857, 1, 0.0020530223846436, '2019-04-05 18:25:26', '2019-04-05 18:25:26'),
(378, 43, 8, 3, 2, 0, 4, 0.55555555555556, 0.42857142857143, 1, 0.0020298957824707, '2019-04-05 18:25:26', '2019-04-05 18:25:26'),
(379, 43, 9, 3, 2, 0, 3, 0.625, 0.5, 1, 0.0016391277313232, '2019-04-05 18:25:26', '2019-04-05 18:25:26'),
(380, 43, 10, 4, 3, 0, 3, 0.7, 0.57142857142857, 1, 0.0019171237945557, '2019-04-05 18:25:26', '2019-04-05 18:25:26'),
(381, 44, 1, 3, 4, 0, 2, 0.77777777777778, 0.6, 1, 0.0017108917236328, '2019-04-05 18:25:51', '2019-04-05 18:25:51'),
(382, 44, 2, 2, 4, 0, 3, 0.66666666666667, 0.4, 1, 0.0018038749694824, '2019-04-05 18:25:51', '2019-04-05 18:25:51'),
(383, 44, 3, 5, 4, 0, 0, 1, 1, 1, 0.0019650459289551, '2019-04-05 18:25:51', '2019-04-05 18:25:51'),
(384, 44, 4, 1, 5, 0, 3, 0.66666666666667, 0.25, 1, 0.0020139217376709, '2019-04-05 18:25:51', '2019-04-05 18:25:51'),
(385, 44, 5, 1, 4, 0, 4, 0.55555555555556, 0.2, 1, 0.0016357898712158, '2019-04-05 18:25:51', '2019-04-05 18:25:51'),
(386, 44, 6, 4, 4, 1, 0, 0.88888888888889, 1, 0.8, 0.0019001960754395, '2019-04-05 18:25:51', '2019-04-05 18:25:51'),
(387, 44, 7, 3, 5, 0, 1, 0.88888888888889, 0.75, 1, 0.0016238689422607, '2019-04-05 18:25:51', '2019-04-05 18:25:51'),
(388, 44, 8, 2, 5, 0, 2, 0.77777777777778, 0.5, 1, 0.0016310214996338, '2019-04-05 18:25:51', '2019-04-05 18:25:51'),
(389, 44, 9, 3, 4, 0, 2, 0.77777777777778, 0.6, 1, 0.002000093460083, '2019-04-05 18:25:51', '2019-04-05 18:25:51'),
(390, 44, 10, 3, 2, 0, 4, 0.55555555555556, 0.42857142857143, 1, 0.0016441345214844, '2019-04-05 18:25:51', '2019-04-05 18:25:51'),
(391, 45, 1, 3, 4, 0, 2, 0.77777777777778, 0.6, 1, 0.0017049312591553, '2019-04-05 18:25:57', '2019-04-05 18:25:57'),
(392, 45, 2, 2, 5, 0, 2, 0.77777777777778, 0.5, 1, 0.0016748905181885, '2019-04-05 18:25:57', '2019-04-05 18:25:57'),
(393, 45, 3, 1, 5, 0, 3, 0.66666666666667, 0.25, 1, 0.0019640922546387, '2019-04-05 18:25:57', '2019-04-05 18:25:57'),
(394, 45, 4, 2, 5, 0, 2, 0.77777777777778, 0.5, 1, 0.0016269683837891, '2019-04-05 18:25:57', '2019-04-05 18:25:57'),
(395, 45, 5, 3, 5, 0, 1, 0.88888888888889, 0.75, 1, 0.0016839504241943, '2019-04-05 18:25:57', '2019-04-05 18:25:57'),
(396, 45, 6, 3, 4, 0, 2, 0.77777777777778, 0.6, 1, 0.0017528533935547, '2019-04-05 18:25:57', '2019-04-05 18:25:57'),
(397, 45, 7, 4, 4, 0, 1, 0.88888888888889, 0.8, 1, 0.0016999244689941, '2019-04-05 18:25:57', '2019-04-05 18:25:57'),
(398, 45, 8, 3, 4, 0, 2, 0.77777777777778, 0.6, 1, 0.0020148754119873, '2019-04-05 18:25:57', '2019-04-05 18:25:57'),
(399, 45, 9, 3, 4, 0, 2, 0.77777777777778, 0.6, 1, 0.0019590854644775, '2019-04-05 18:25:57', '2019-04-05 18:25:57'),
(400, 45, 10, 3, 2, 0, 4, 0.55555555555556, 0.42857142857143, 1, 0.0019168853759766, '2019-04-05 18:25:57', '2019-04-05 18:25:57'),
(401, 46, 1, 3, 4, 0, 2, 0.77777777777778, 0.6, 1, 0.0016858577728271, '2019-04-05 18:26:39', '2019-04-05 18:26:39'),
(402, 46, 2, 3, 3, 1, 2, 0.66666666666667, 0.6, 0.75, 0.0015449523925781, '2019-04-05 18:26:39', '2019-04-05 18:26:39'),
(403, 46, 3, 3, 4, 0, 2, 0.77777777777778, 0.6, 1, 0.001594066619873, '2019-04-05 18:26:39', '2019-04-05 18:26:39'),
(404, 46, 4, 2, 4, 0, 3, 0.66666666666667, 0.4, 1, 0.0014598369598389, '2019-04-05 18:26:39', '2019-04-05 18:26:39'),
(405, 46, 5, 0, 5, 0, 4, 0.55555555555556, 0, 1, 0.0018608570098877, '2019-04-05 18:26:39', '2019-04-05 18:26:39'),
(406, 46, 6, 3, 4, 0, 2, 0.77777777777778, 0.6, 1, 0.0015339851379395, '2019-04-05 18:26:39', '2019-04-05 18:26:39'),
(407, 46, 7, 4, 4, 0, 1, 0.88888888888889, 0.8, 1, 0.0015511512756348, '2019-04-05 18:26:39', '2019-04-05 18:26:39'),
(408, 46, 8, 4, 4, 0, 1, 0.88888888888889, 0.8, 1, 0.0016310214996338, '2019-04-05 18:26:39', '2019-04-05 18:26:39'),
(409, 46, 9, 4, 4, 0, 1, 0.88888888888889, 0.8, 1, 0.0015709400177002, '2019-04-05 18:26:39', '2019-04-05 18:26:39'),
(410, 46, 10, 2, 5, 0, 2, 0.77777777777778, 0.5, 1, 0.001554012298584, '2019-04-05 18:26:39', '2019-04-05 18:26:39'),
(411, 47, 1, 1, 5, 0, 3, 0.66666666666667, 0.25, 1, 0.0034680366516113, '2019-04-05 18:26:45', '2019-04-05 18:26:45'),
(412, 47, 2, 1, 5, 0, 3, 0.66666666666667, 0.25, 1, 0.0016970634460449, '2019-04-05 18:26:45', '2019-04-05 18:26:45'),
(413, 47, 3, 2, 5, 0, 2, 0.77777777777778, 0.5, 1, 0.0016829967498779, '2019-04-05 18:26:45', '2019-04-05 18:26:45'),
(414, 47, 4, 4, 4, 0, 1, 0.88888888888889, 0.8, 1, 0.0016970634460449, '2019-04-05 18:26:45', '2019-04-05 18:26:45'),
(415, 47, 5, 3, 4, 0, 2, 0.77777777777778, 0.6, 1, 0.0016789436340332, '2019-04-05 18:26:45', '2019-04-05 18:26:45'),
(416, 47, 6, 3, 4, 0, 2, 0.77777777777778, 0.6, 1, 0.0016980171203613, '2019-04-05 18:26:45', '2019-04-05 18:26:45'),
(417, 47, 7, 3, 4, 0, 2, 0.77777777777778, 0.6, 1, 0.0016598701477051, '2019-04-05 18:26:45', '2019-04-05 18:26:45'),
(418, 47, 8, 3, 4, 0, 2, 0.77777777777778, 0.6, 1, 0.0017049312591553, '2019-04-05 18:26:45', '2019-04-05 18:26:45'),
(419, 47, 9, 4, 3, 1, 1, 0.77777777777778, 0.8, 0.75, 0.0016930103302002, '2019-04-05 18:26:45', '2019-04-05 18:26:45'),
(420, 47, 10, 4, 3, 0, 2, 0.77777777777778, 0.66666666666667, 1, 0.0016629695892334, '2019-04-05 18:26:45', '2019-04-05 18:26:45'),
(421, 48, 1, 3, 5, 0, 1, 0.88888888888889, 0.75, 1, 0.0016109943389893, '2019-04-05 18:27:18', '2019-04-05 18:27:18'),
(422, 48, 2, 3, 4, 1, 1, 0.77777777777778, 0.75, 0.8, 0.0013599395751953, '2019-04-05 18:27:18', '2019-04-05 18:27:18'),
(423, 48, 3, 3, 5, 0, 1, 0.88888888888889, 0.75, 1, 0.0016729831695557, '2019-04-05 18:27:18', '2019-04-05 18:27:18');
INSERT INTO `experiment_details` (`detail_id`, `experiment_id`, `fold_number`, `tp`, `tn`, `fp`, `fn`, `accuracy`, `sensitivity`, `specificity`, `execution_time`, `created_at`, `updated_at`) VALUES
(424, 48, 4, 2, 5, 0, 2, 0.77777777777778, 0.5, 1, 0.0015580654144287, '2019-04-05 18:27:18', '2019-04-05 18:27:18'),
(425, 48, 5, 1, 4, 0, 4, 0.55555555555556, 0.2, 1, 0.0017659664154053, '2019-04-05 18:27:18', '2019-04-05 18:27:18'),
(426, 48, 6, 2, 4, 0, 3, 0.66666666666667, 0.4, 1, 0.0016129016876221, '2019-04-05 18:27:18', '2019-04-05 18:27:18'),
(427, 48, 7, 4, 4, 0, 1, 0.88888888888889, 0.8, 1, 0.0014050006866455, '2019-04-05 18:27:18', '2019-04-05 18:27:18'),
(428, 48, 8, 2, 4, 0, 3, 0.66666666666667, 0.4, 1, 0.0016539096832275, '2019-04-05 18:27:18', '2019-04-05 18:27:18'),
(429, 48, 9, 4, 3, 0, 1, 0.875, 0.8, 1, 0.0012719631195068, '2019-04-05 18:27:18', '2019-04-05 18:27:18'),
(430, 48, 10, 4, 3, 0, 3, 0.7, 0.57142857142857, 1, 0.0016798973083496, '2019-04-05 18:27:18', '2019-04-05 18:27:18'),
(431, 49, 1, 3, 5, 0, 1, 0.88888888888889, 0.75, 1, 0.0017399787902832, '2019-04-05 18:27:23', '2019-04-05 18:27:23'),
(432, 49, 2, 1, 5, 0, 3, 0.66666666666667, 0.25, 1, 0.0016579627990723, '2019-04-05 18:27:23', '2019-04-05 18:27:23'),
(433, 49, 3, 3, 4, 0, 2, 0.77777777777778, 0.6, 1, 0.0015318393707275, '2019-04-05 18:27:23', '2019-04-05 18:27:23'),
(434, 49, 4, 4, 5, 0, 0, 1, 1, 1, 0.0015461444854736, '2019-04-05 18:27:23', '2019-04-05 18:27:23'),
(435, 49, 5, 1, 5, 0, 3, 0.66666666666667, 0.25, 1, 0.0016791820526123, '2019-04-05 18:27:23', '2019-04-05 18:27:23'),
(436, 49, 6, 1, 5, 0, 3, 0.66666666666667, 0.25, 1, 0.0017459392547607, '2019-04-05 18:27:23', '2019-04-05 18:27:23'),
(437, 49, 7, 2, 4, 0, 3, 0.66666666666667, 0.4, 1, 0.001655101776123, '2019-04-05 18:27:23', '2019-04-05 18:27:23'),
(438, 49, 8, 4, 4, 0, 1, 0.88888888888889, 0.8, 1, 0.0016200542449951, '2019-04-05 18:27:23', '2019-04-05 18:27:23'),
(439, 49, 9, 3, 2, 1, 2, 0.625, 0.6, 0.66666666666667, 0.0015978813171387, '2019-04-05 18:27:23', '2019-04-05 18:27:23'),
(440, 49, 10, 5, 2, 0, 3, 0.7, 0.625, 1, 0.001788854598999, '2019-04-05 18:27:23', '2019-04-05 18:27:23'),
(441, 50, 1, 2, 4, 0, 3, 0.66666666666667, 0.4, 1, 0.0015971660614014, '2019-04-05 18:27:32', '2019-04-05 18:27:32'),
(442, 50, 2, 2, 4, 0, 3, 0.66666666666667, 0.4, 1, 0.0015909671783447, '2019-04-05 18:27:32', '2019-04-05 18:27:32'),
(443, 50, 3, 4, 4, 0, 1, 0.88888888888889, 0.8, 1, 0.0014171600341797, '2019-04-05 18:27:32', '2019-04-05 18:27:32'),
(444, 50, 4, 3, 4, 0, 2, 0.77777777777778, 0.6, 1, 0.0015931129455566, '2019-04-05 18:27:32', '2019-04-05 18:27:32'),
(445, 50, 5, 2, 4, 0, 3, 0.66666666666667, 0.4, 1, 0.0016849040985107, '2019-04-05 18:27:32', '2019-04-05 18:27:32'),
(446, 50, 6, 4, 4, 0, 1, 0.88888888888889, 0.8, 1, 0.0017189979553223, '2019-04-05 18:27:32', '2019-04-05 18:27:32'),
(447, 50, 7, 4, 4, 0, 1, 0.88888888888889, 0.8, 1, 0.0017800331115723, '2019-04-05 18:27:32', '2019-04-05 18:27:32'),
(448, 50, 8, 2, 3, 1, 3, 0.55555555555556, 0.4, 0.75, 0.0016269683837891, '2019-04-05 18:27:32', '2019-04-05 18:27:32'),
(449, 50, 9, 2, 5, 0, 1, 0.875, 0.66666666666667, 1, 0.0016229152679443, '2019-04-05 18:27:32', '2019-04-05 18:27:32'),
(450, 50, 10, 2, 5, 0, 3, 0.7, 0.4, 1, 0.0017600059509277, '2019-04-05 18:27:32', '2019-04-05 18:27:32'),
(451, 51, 1, 2, 0, 0, 3, 0.4, 0.22222222222222, 0, 0.0014951229095459, '2019-04-09 01:35:41', '2019-04-09 01:35:41'),
(452, 51, 2, 2, 0, 0, 2, 0.5, 0.22222222222222, 0, 0.001533031463623, '2019-04-09 01:35:41', '2019-04-09 01:35:41'),
(453, 51, 3, 1, 0, 0, 4, 0.2, 0.11111111111111, 0, 0.0014679431915283, '2019-04-09 01:35:41', '2019-04-09 01:35:41'),
(454, 51, 4, 3, 0, 0, 2, 0.6, 0.33333333333333, 0, 0.0015511512756348, '2019-04-09 01:35:41', '2019-04-09 01:35:41'),
(455, 51, 5, 2, 0, 0, 2, 0.5, 0.22222222222222, 0, 0.0014500617980957, '2019-04-09 01:35:41', '2019-04-09 01:35:41'),
(456, 51, 6, 3, 0, 0, 2, 0.6, 0.33333333333333, 0, 0.0016360282897949, '2019-04-09 01:35:41', '2019-04-09 01:35:41'),
(457, 51, 7, 4, 0, 0, 1, 0.8, 0.44444444444444, 0, 0.0017001628875732, '2019-04-09 01:35:41', '2019-04-09 01:35:41'),
(458, 51, 8, 3, 0, 0, 2, 0.6, 0.33333333333333, 0, 0.0014708042144775, '2019-04-09 01:35:41', '2019-04-09 01:35:41'),
(459, 51, 9, 3, 0, 0, 1, 0.75, 0.33333333333333, 0, 0.0015530586242676, '2019-04-09 01:35:41', '2019-04-09 01:35:41'),
(460, 51, 10, 4, 0, 0, 2, 0.66666666666667, 0.44444444444444, 0, 0.0015418529510498, '2019-04-09 01:35:41', '2019-04-09 01:35:41'),
(461, 52, 1, 1, 0, 0, 4, 0.2, 0.11111111111111, 0, 0.0017929077148438, '2019-04-09 01:35:55', '2019-04-09 01:35:55'),
(462, 52, 2, 2, 0, 0, 2, 0.5, 0.22222222222222, 0, 0.0015170574188232, '2019-04-09 01:35:55', '2019-04-09 01:35:55'),
(463, 52, 3, 2, 0, 0, 2, 0.5, 0.22222222222222, 0, 0.0019669532775879, '2019-04-09 01:35:55', '2019-04-09 01:35:55'),
(464, 52, 4, 2, 0, 0, 3, 0.4, 0.22222222222222, 0, 0.0015859603881836, '2019-04-09 01:35:55', '2019-04-09 01:35:55'),
(465, 52, 5, 4, 0, 0, 1, 0.8, 0.44444444444444, 0, 0.0017471313476562, '2019-04-09 01:35:55', '2019-04-09 01:35:55'),
(466, 52, 6, 4, 0, 0, 0, 1, 0.44444444444444, 0, 0.0017130374908447, '2019-04-09 01:35:55', '2019-04-09 01:35:55'),
(467, 52, 7, 1, 0, 0, 4, 0.2, 0.11111111111111, 0, 0.0015039443969727, '2019-04-09 01:35:55', '2019-04-09 01:35:55'),
(468, 52, 8, 0, 0, 0, 4, 0, 0, 0, 0.0019807815551758, '2019-04-09 01:35:55', '2019-04-09 01:35:55'),
(469, 52, 9, 5, 0, 0, 0, 1, 0.55555555555556, 0, 0.0016119480133057, '2019-04-09 01:35:55', '2019-04-09 01:35:55'),
(470, 52, 10, 3, 0, 0, 4, 0.42857142857143, 0.33333333333333, 0, 0.001539945602417, '2019-04-09 01:35:55', '2019-04-09 01:35:55'),
(471, 53, 1, 2, 0, 0, 3, 0.4, 0.22222222222222, 0, 0.0018010139465332, '2019-04-09 01:36:07', '2019-04-09 01:36:07'),
(472, 53, 2, 3, 0, 0, 2, 0.6, 0.33333333333333, 0, 0.0017828941345215, '2019-04-09 01:36:07', '2019-04-09 01:36:07'),
(473, 53, 3, 3, 0, 0, 2, 0.6, 0.33333333333333, 0, 0.0016169548034668, '2019-04-09 01:36:07', '2019-04-09 01:36:07'),
(474, 53, 4, 4, 0, 0, 1, 0.8, 0.44444444444444, 0, 0.0015730857849121, '2019-04-09 01:36:07', '2019-04-09 01:36:07'),
(475, 53, 5, 2, 0, 0, 3, 0.4, 0.22222222222222, 0, 0.001370906829834, '2019-04-09 01:36:07', '2019-04-09 01:36:07'),
(476, 53, 6, 1, 0, 0, 4, 0.2, 0.11111111111111, 0, 0.0014359951019287, '2019-04-09 01:36:07', '2019-04-09 01:36:07'),
(477, 53, 7, 5, 0, 0, 0, 1, 0.55555555555556, 0, 0.0014910697937012, '2019-04-09 01:36:07', '2019-04-09 01:36:07'),
(478, 53, 8, 1, 0, 0, 3, 0.25, 0.11111111111111, 0, 0.0015778541564941, '2019-04-09 01:36:07', '2019-04-09 01:36:07'),
(479, 53, 9, 3, 0, 0, 1, 0.75, 0.33333333333333, 0, 0.0016050338745117, '2019-04-09 01:36:07', '2019-04-09 01:36:07'),
(480, 53, 10, 3, 0, 0, 2, 0.6, 0.33333333333333, 0, 0.00173020362854, '2019-04-09 01:36:07', '2019-04-09 01:36:07'),
(481, 54, 1, 1, 0, 0, 3, 0.25, 0.11111111111111, 0, 0.0019299983978271, '2019-04-09 01:36:14', '2019-04-09 01:36:14'),
(482, 54, 2, 4, 0, 0, 1, 0.8, 0.44444444444444, 0, 0.0018398761749268, '2019-04-09 01:36:14', '2019-04-09 01:36:14'),
(483, 54, 3, 3, 0, 0, 1, 0.75, 0.33333333333333, 0, 0.0020790100097656, '2019-04-09 01:36:14', '2019-04-09 01:36:14'),
(484, 54, 4, 0, 0, 0, 4, 0, 0, 0, 0.0017960071563721, '2019-04-09 01:36:14', '2019-04-09 01:36:14'),
(485, 54, 5, 2, 0, 0, 2, 0.5, 0.22222222222222, 0, 0.0020298957824707, '2019-04-09 01:36:14', '2019-04-09 01:36:14'),
(486, 54, 6, 5, 0, 0, 0, 1, 0.55555555555556, 0, 0.0017092227935791, '2019-04-09 01:36:14', '2019-04-09 01:36:14'),
(487, 54, 7, 1, 0, 0, 4, 0.2, 0.11111111111111, 0, 0.0016489028930664, '2019-04-09 01:36:14', '2019-04-09 01:36:14'),
(488, 54, 8, 4, 0, 0, 0, 1, 0.44444444444444, 0, 0.001676082611084, '2019-04-09 01:36:14', '2019-04-09 01:36:14'),
(489, 54, 9, 3, 0, 0, 2, 0.6, 0.375, 0, 0.0014331340789795, '2019-04-09 01:36:14', '2019-04-09 01:36:14'),
(490, 54, 10, 5, 0, 0, 3, 0.625, 0.5, 0, 0.0020170211791992, '2019-04-09 01:36:14', '2019-04-09 01:36:14'),
(491, 55, 1, 2, 0, 0, 3, 0.4, 0.22222222222222, 0, 0.0018119812011719, '2019-04-09 01:59:05', '2019-04-09 01:59:05'),
(492, 55, 2, 3, 0, 0, 2, 0.6, 0.33333333333333, 0, 0.0017719268798828, '2019-04-09 01:59:05', '2019-04-09 01:59:05'),
(493, 55, 3, 3, 0, 0, 2, 0.6, 0.33333333333333, 0, 0.0017139911651611, '2019-04-09 01:59:05', '2019-04-09 01:59:05'),
(494, 55, 4, 1, 0, 0, 3, 0.25, 0.11111111111111, 0, 0.0017421245574951, '2019-04-09 01:59:05', '2019-04-09 01:59:05'),
(495, 55, 5, 1, 0, 0, 3, 0.25, 0.11111111111111, 0, 0.001823902130127, '2019-04-09 01:59:05', '2019-04-09 01:59:05'),
(496, 55, 6, 4, 0, 0, 0, 1, 0.44444444444444, 0, 0.0017099380493164, '2019-04-09 01:59:05', '2019-04-09 01:59:05'),
(497, 55, 7, 2, 0, 0, 2, 0.5, 0.22222222222222, 0, 0.0018060207366943, '2019-04-09 01:59:05', '2019-04-09 01:59:05'),
(498, 55, 8, 3, 0, 0, 2, 0.6, 0.33333333333333, 0, 0.0017399787902832, '2019-04-09 01:59:05', '2019-04-09 01:59:05'),
(499, 55, 9, 5, 0, 0, 0, 1, 0.55555555555556, 0, 0.0017998218536377, '2019-04-09 01:59:05', '2019-04-09 01:59:05'),
(500, 55, 10, 3, 0, 0, 4, 0.42857142857143, 0.33333333333333, 0, 0.0018420219421387, '2019-04-09 01:59:05', '2019-04-09 01:59:05'),
(501, 56, 1, 4, 0, 0, 1, 0.8, 0.44444444444444, 0, 0.0017669200897217, '2019-04-09 01:59:21', '2019-04-09 01:59:21'),
(502, 56, 2, 2, 0, 0, 3, 0.4, 0.22222222222222, 0, 0.0020678043365479, '2019-04-09 01:59:21', '2019-04-09 01:59:21'),
(503, 56, 3, 2, 0, 0, 2, 0.5, 0.22222222222222, 0, 0.0019688606262207, '2019-04-09 01:59:21', '2019-04-09 01:59:21'),
(504, 56, 4, 2, 0, 0, 2, 0.5, 0.22222222222222, 0, 0.0018649101257324, '2019-04-09 01:59:21', '2019-04-09 01:59:21'),
(505, 56, 5, 3, 0, 0, 1, 0.75, 0.33333333333333, 0, 0.0016520023345947, '2019-04-09 01:59:21', '2019-04-09 01:59:21'),
(506, 56, 6, 3, 0, 0, 2, 0.6, 0.33333333333333, 0, 0.001762866973877, '2019-04-09 01:59:21', '2019-04-09 01:59:21'),
(507, 56, 7, 1, 0, 0, 3, 0.25, 0.11111111111111, 0, 0.0016810894012451, '2019-04-09 01:59:21', '2019-04-09 01:59:21'),
(508, 56, 8, 3, 0, 0, 2, 0.6, 0.33333333333333, 0, 0.0016040802001953, '2019-04-09 01:59:21', '2019-04-09 01:59:21'),
(509, 56, 9, 2, 0, 0, 3, 0.4, 0.22222222222222, 0, 0.0015640258789062, '2019-04-09 01:59:21', '2019-04-09 01:59:21'),
(510, 56, 10, 5, 0, 0, 2, 0.71428571428571, 0.55555555555556, 0, 0.0017039775848389, '2019-04-09 01:59:21', '2019-04-09 01:59:21'),
(511, 57, 1, 3, 0, 0, 2, 0.6, 0.33333333333333, 0, 0.0019099712371826, '2019-04-09 07:02:37', '2019-04-09 07:02:37'),
(512, 57, 2, 2, 0, 0, 3, 0.4, 0.22222222222222, 0, 0.0014200210571289, '2019-04-09 07:02:37', '2019-04-09 07:02:37'),
(513, 57, 3, 2, 0, 0, 2, 0.5, 0.22222222222222, 0, 0.0018260478973389, '2019-04-09 07:02:37', '2019-04-09 07:02:37'),
(514, 57, 4, 3, 0, 0, 2, 0.6, 0.33333333333333, 0, 0.0016500949859619, '2019-04-09 07:02:37', '2019-04-09 07:02:37'),
(515, 57, 5, 3, 0, 0, 2, 0.6, 0.33333333333333, 0, 0.0015709400177002, '2019-04-09 07:02:37', '2019-04-09 07:02:37'),
(516, 57, 6, 3, 0, 0, 1, 0.75, 0.33333333333333, 0, 0.0016870498657227, '2019-04-09 07:02:37', '2019-04-09 07:02:37'),
(517, 57, 7, 0, 0, 0, 4, 0, 0, 0, 0.0013768672943115, '2019-04-09 07:02:37', '2019-04-09 07:02:37'),
(518, 57, 8, 5, 0, 0, 0, 1, 0.55555555555556, 0, 0.0016100406646729, '2019-04-09 07:02:37', '2019-04-09 07:02:37'),
(519, 57, 9, 3, 0, 0, 2, 0.6, 0.375, 0, 0.0012650489807129, '2019-04-09 07:02:37', '2019-04-09 07:02:37'),
(520, 57, 10, 4, 0, 0, 2, 0.66666666666667, 0.4, 0, 0.0016839504241943, '2019-04-09 07:02:37', '2019-04-09 07:02:37'),
(521, 58, 1, 2, 0, 0, 3, 0.4, 0.22222222222222, 0, 0.0015850067138672, '2019-04-09 07:02:52', '2019-04-09 07:02:52'),
(522, 58, 2, 2, 0, 0, 2, 0.5, 0.22222222222222, 0, 0.0016369819641113, '2019-04-09 07:02:52', '2019-04-09 07:02:52'),
(523, 58, 3, 2, 0, 0, 2, 0.5, 0.22222222222222, 0, 0.0015950202941895, '2019-04-09 07:02:52', '2019-04-09 07:02:52'),
(524, 58, 4, 3, 0, 0, 1, 0.75, 0.33333333333333, 0, 0.0015048980712891, '2019-04-09 07:02:52', '2019-04-09 07:02:52'),
(525, 58, 5, 5, 0, 0, 0, 1, 0.55555555555556, 0, 0.0017170906066895, '2019-04-09 07:02:52', '2019-04-09 07:02:52'),
(526, 58, 6, 1, 0, 0, 4, 0.2, 0.11111111111111, 0, 0.0016717910766602, '2019-04-09 07:02:52', '2019-04-09 07:02:52'),
(527, 58, 7, 4, 0, 0, 1, 0.8, 0.44444444444444, 0, 0.0015280246734619, '2019-04-09 07:02:52', '2019-04-09 07:02:52'),
(528, 58, 8, 2, 0, 0, 3, 0.4, 0.22222222222222, 0, 0.0015740394592285, '2019-04-09 07:02:52', '2019-04-09 07:02:52'),
(529, 58, 9, 2, 0, 0, 3, 0.4, 0.22222222222222, 0, 0.0014560222625732, '2019-04-09 07:02:52', '2019-04-09 07:02:52'),
(530, 58, 10, 4, 0, 0, 2, 0.66666666666667, 0.44444444444444, 0, 0.0016610622406006, '2019-04-09 07:02:52', '2019-04-09 07:02:52'),
(531, 59, 1, 2, 0, 0, 3, 0.4, 0.22222222222222, 0, 0.00136399269104, '2019-04-09 07:03:04', '2019-04-09 07:03:04'),
(532, 59, 2, 2, 0, 0, 3, 0.4, 0.22222222222222, 0, 0.0015029907226562, '2019-04-09 07:03:04', '2019-04-09 07:03:04'),
(533, 59, 3, 4, 0, 0, 1, 0.8, 0.44444444444444, 0, 0.0026400089263916, '2019-04-09 07:03:04', '2019-04-09 07:03:04'),
(534, 59, 4, 4, 0, 0, 1, 0.8, 0.44444444444444, 0, 0.0016260147094727, '2019-04-09 07:03:04', '2019-04-09 07:03:04'),
(535, 59, 5, 1, 0, 0, 4, 0.2, 0.11111111111111, 0, 0.0018270015716553, '2019-04-09 07:03:04', '2019-04-09 07:03:04'),
(536, 59, 6, 3, 0, 0, 2, 0.6, 0.33333333333333, 0, 0.0013670921325684, '2019-04-09 07:03:04', '2019-04-09 07:03:04'),
(537, 59, 7, 2, 0, 0, 3, 0.4, 0.22222222222222, 0, 0.0017168521881104, '2019-04-09 07:03:04', '2019-04-09 07:03:04'),
(538, 59, 8, 3, 0, 0, 1, 0.75, 0.33333333333333, 0, 0.0018072128295898, '2019-04-09 07:03:04', '2019-04-09 07:03:04'),
(539, 59, 9, 4, 0, 0, 0, 1, 0.44444444444444, 0, 0.0017800331115723, '2019-04-09 07:03:04', '2019-04-09 07:03:04'),
(540, 59, 10, 2, 0, 0, 3, 0.4, 0.22222222222222, 0, 0.0015850067138672, '2019-04-09 07:03:04', '2019-04-09 07:03:04'),
(541, 60, 1, 2, 0, 0, 2, 0.5, 0.22222222222222, 0, 0.0017940998077393, '2019-04-09 07:03:18', '2019-04-09 07:03:18'),
(542, 60, 2, 4, 0, 0, 0, 1, 0.44444444444444, 0, 0.0016269683837891, '2019-04-09 07:03:18', '2019-04-09 07:03:18'),
(543, 60, 3, 4, 0, 0, 0, 1, 0.44444444444444, 0, 0.001392126083374, '2019-04-09 07:03:18', '2019-04-09 07:03:18'),
(544, 60, 4, 2, 0, 0, 3, 0.4, 0.22222222222222, 0, 0.001427173614502, '2019-04-09 07:03:18', '2019-04-09 07:03:18'),
(545, 60, 5, 2, 0, 0, 3, 0.4, 0.22222222222222, 0, 0.0014791488647461, '2019-04-09 07:03:18', '2019-04-09 07:03:18'),
(546, 60, 6, 3, 0, 0, 1, 0.75, 0.33333333333333, 0, 0.0014581680297852, '2019-04-09 07:03:18', '2019-04-09 07:03:18'),
(547, 60, 7, 4, 0, 0, 1, 0.8, 0.44444444444444, 0, 0.0016410350799561, '2019-04-09 07:03:18', '2019-04-09 07:03:18'),
(548, 60, 8, 2, 0, 0, 3, 0.4, 0.22222222222222, 0, 0.0016329288482666, '2019-04-09 07:03:18', '2019-04-09 07:03:18'),
(549, 60, 9, 2, 0, 0, 3, 0.4, 0.22222222222222, 0, 0.0016729831695557, '2019-04-09 07:03:18', '2019-04-09 07:03:18'),
(550, 60, 10, 3, 0, 0, 4, 0.42857142857143, 0.33333333333333, 0, 0.0015299320220947, '2019-04-09 07:03:18', '2019-04-09 07:03:18'),
(551, 61, 1, 4, 4, 0, 1, 0.88888888888889, 0.8, 1, 0.0017621517181396, '2019-04-09 07:03:46', '2019-04-09 07:03:46'),
(552, 61, 2, 1, 5, 0, 3, 0.66666666666667, 0.25, 1, 0.0018401145935059, '2019-04-09 07:03:46', '2019-04-09 07:03:46'),
(553, 61, 3, 2, 4, 1, 2, 0.66666666666667, 0.5, 0.8, 0.0017819404602051, '2019-04-09 07:03:46', '2019-04-09 07:03:46'),
(554, 61, 4, 4, 4, 0, 1, 0.88888888888889, 0.8, 1, 0.0022969245910645, '2019-04-09 07:03:46', '2019-04-09 07:03:46'),
(555, 61, 5, 2, 4, 0, 3, 0.66666666666667, 0.4, 1, 0.0018370151519775, '2019-04-09 07:03:46', '2019-04-09 07:03:46'),
(556, 61, 6, 1, 4, 0, 4, 0.55555555555556, 0.2, 1, 0.0020170211791992, '2019-04-09 07:03:46', '2019-04-09 07:03:46'),
(557, 61, 7, 3, 4, 0, 2, 0.77777777777778, 0.6, 1, 0.0017681121826172, '2019-04-09 07:03:46', '2019-04-09 07:03:46'),
(558, 61, 8, 4, 4, 0, 1, 0.88888888888889, 0.8, 1, 0.0018818378448486, '2019-04-09 07:03:46', '2019-04-09 07:03:46'),
(559, 61, 9, 2, 4, 0, 3, 0.66666666666667, 0.4, 1, 0.0019969940185547, '2019-04-09 07:03:46', '2019-04-09 07:03:46'),
(560, 61, 10, 4, 4, 0, 1, 0.88888888888889, 0.8, 1, 0.0017490386962891, '2019-04-09 07:03:46', '2019-04-09 07:03:46'),
(561, 62, 1, 3, 4, 0, 2, 0.77777777777778, 0.6, 1, 0.0018088817596436, '2019-04-09 07:03:54', '2019-04-09 07:03:54'),
(562, 62, 2, 2, 4, 0, 3, 0.66666666666667, 0.4, 1, 0.0017340183258057, '2019-04-09 07:03:54', '2019-04-09 07:03:54'),
(563, 62, 3, 4, 4, 0, 1, 0.88888888888889, 0.8, 1, 0.0017778873443604, '2019-04-09 07:03:54', '2019-04-09 07:03:54'),
(564, 62, 4, 2, 4, 0, 3, 0.66666666666667, 0.4, 1, 0.0014479160308838, '2019-04-09 07:03:54', '2019-04-09 07:03:54'),
(565, 62, 5, 2, 4, 0, 3, 0.66666666666667, 0.4, 1, 0.0018031597137451, '2019-04-09 07:03:54', '2019-04-09 07:03:54'),
(566, 62, 6, 4, 5, 0, 0, 1, 1, 1, 0.0017428398132324, '2019-04-09 07:03:54', '2019-04-09 07:03:54'),
(567, 62, 7, 1, 5, 0, 3, 0.66666666666667, 0.25, 1, 0.0018579959869385, '2019-04-09 07:03:54', '2019-04-09 07:03:54'),
(568, 62, 8, 3, 5, 0, 1, 0.88888888888889, 0.75, 1, 0.0018041133880615, '2019-04-09 07:03:54', '2019-04-09 07:03:54'),
(569, 62, 9, 3, 3, 0, 2, 0.75, 0.6, 1, 0.0015499591827393, '2019-04-09 07:03:54', '2019-04-09 07:03:54'),
(570, 62, 10, 3, 4, 0, 3, 0.7, 0.5, 1, 0.0017328262329102, '2019-04-09 07:03:54', '2019-04-09 07:03:54'),
(571, 63, 1, 3, 1, 0, 5, 0.44444444444444, 0.375, 1, 0.0018730163574219, '2019-04-09 07:04:04', '2019-04-09 07:04:04'),
(572, 63, 2, 3, 2, 0, 4, 0.55555555555556, 0.42857142857143, 1, 0.0017940998077393, '2019-04-09 07:04:04', '2019-04-09 07:04:04'),
(573, 63, 3, 1, 2, 0, 6, 0.33333333333333, 0.14285714285714, 1, 0.0018608570098877, '2019-04-09 07:04:04', '2019-04-09 07:04:04'),
(574, 63, 4, 4, 2, 0, 3, 0.66666666666667, 0.57142857142857, 1, 0.0019159317016602, '2019-04-09 07:04:04', '2019-04-09 07:04:04'),
(575, 63, 5, 3, 2, 0, 4, 0.55555555555556, 0.42857142857143, 1, 0.0017549991607666, '2019-04-09 07:04:04', '2019-04-09 07:04:04'),
(576, 63, 6, 5, 2, 0, 2, 0.77777777777778, 0.71428571428571, 1, 0.0018448829650879, '2019-04-09 07:04:04', '2019-04-09 07:04:04'),
(577, 63, 7, 4, 2, 0, 3, 0.66666666666667, 0.57142857142857, 1, 0.0018229484558105, '2019-04-09 07:04:04', '2019-04-09 07:04:04'),
(578, 63, 8, 2, 2, 0, 5, 0.44444444444444, 0.28571428571429, 1, 0.0018720626831055, '2019-04-09 07:04:04', '2019-04-09 07:04:04'),
(579, 63, 9, 4, 2, 0, 3, 0.66666666666667, 0.57142857142857, 1, 0.0018939971923828, '2019-04-09 07:04:04', '2019-04-09 07:04:04'),
(580, 63, 10, 4, 2, 0, 3, 0.66666666666667, 0.57142857142857, 1, 0.001737117767334, '2019-04-09 07:04:04', '2019-04-09 07:04:04'),
(581, 64, 1, 4, 2, 0, 3, 0.66666666666667, 0.57142857142857, 1, 0.0021882057189941, '2019-04-09 07:04:12', '2019-04-09 07:04:12'),
(582, 64, 2, 5, 1, 0, 3, 0.66666666666667, 0.625, 1, 0.0021860599517822, '2019-04-09 07:04:12', '2019-04-09 07:04:12'),
(583, 64, 3, 5, 2, 0, 2, 0.77777777777778, 0.71428571428571, 1, 0.0021028518676758, '2019-04-09 07:04:12', '2019-04-09 07:04:12'),
(584, 64, 4, 5, 1, 0, 3, 0.66666666666667, 0.625, 1, 0.0020060539245605, '2019-04-09 07:04:12', '2019-04-09 07:04:12'),
(585, 64, 5, 3, 1, 0, 5, 0.44444444444444, 0.375, 1, 0.0018980503082275, '2019-04-09 07:04:12', '2019-04-09 07:04:12'),
(586, 64, 6, 4, 1, 0, 4, 0.55555555555556, 0.5, 1, 0.0019228458404541, '2019-04-09 07:04:12', '2019-04-09 07:04:12'),
(587, 64, 7, 2, 2, 0, 5, 0.44444444444444, 0.28571428571429, 1, 0.0018250942230225, '2019-04-09 07:04:12', '2019-04-09 07:04:12'),
(588, 64, 8, 2, 1, 0, 6, 0.33333333333333, 0.25, 1, 0.001798152923584, '2019-04-09 07:04:12', '2019-04-09 07:04:12'),
(589, 64, 9, 2, 2, 0, 3, 0.57142857142857, 0.4, 1, 0.0013508796691895, '2019-04-09 07:04:12', '2019-04-09 07:04:12'),
(590, 64, 10, 1, 6, 0, 4, 0.63636363636364, 0.2, 1, 0.0020489692687988, '2019-04-09 07:04:12', '2019-04-09 07:04:12'),
(591, 65, 1, 3, 0, 0, 1, 0.75, 0.33333333333333, 0, 0.0016930103302002, '2019-04-09 18:13:59', '2019-04-09 18:13:59'),
(592, 65, 2, 2, 0, 0, 2, 0.5, 0.22222222222222, 0, 0.0017309188842773, '2019-04-09 18:13:59', '2019-04-09 18:13:59'),
(593, 65, 3, 2, 0, 0, 2, 0.5, 0.22222222222222, 0, 0.0016121864318848, '2019-04-09 18:13:59', '2019-04-09 18:13:59'),
(594, 65, 4, 2, 0, 0, 2, 0.5, 0.22222222222222, 0, 0.0016169548034668, '2019-04-09 18:13:59', '2019-04-09 18:13:59'),
(595, 65, 5, 2, 0, 0, 2, 0.5, 0.22222222222222, 0, 0.0019049644470215, '2019-04-09 18:13:59', '2019-04-09 18:13:59'),
(596, 65, 6, 0, 0, 0, 4, 0, 0, 0, 0.0016288757324219, '2019-04-09 18:13:59', '2019-04-09 18:13:59'),
(597, 65, 7, 2, 0, 0, 2, 0.5, 0.22222222222222, 0, 0.0018589496612549, '2019-04-09 18:13:59', '2019-04-09 18:13:59'),
(598, 65, 8, 3, 0, 0, 2, 0.6, 0.33333333333333, 0, 0.002047061920166, '2019-04-09 18:13:59', '2019-04-09 18:13:59'),
(599, 65, 9, 5, 0, 0, 0, 1, 0.83333333333333, 0, 0.0011539459228516, '2019-04-09 18:13:59', '2019-04-09 18:13:59'),
(600, 65, 10, 6, 0, 0, 4, 0.6, 0.5, 0, 0.0020511150360107, '2019-04-09 18:13:59', '2019-04-09 18:13:59'),
(601, 66, 1, 4, 0, 0, 1, 0.8, 0.44444444444444, 0, 0.0015850067138672, '2019-04-09 18:14:21', '2019-04-09 18:14:21'),
(602, 66, 2, 4, 0, 0, 1, 0.8, 0.44444444444444, 0, 0.0016500949859619, '2019-04-09 18:14:21', '2019-04-09 18:14:21'),
(603, 66, 3, 3, 0, 0, 2, 0.6, 0.33333333333333, 0, 0.0016248226165771, '2019-04-09 18:14:21', '2019-04-09 18:14:21'),
(604, 66, 4, 2, 0, 0, 3, 0.4, 0.22222222222222, 0, 0.0022311210632324, '2019-04-09 18:14:21', '2019-04-09 18:14:21'),
(605, 66, 5, 3, 0, 0, 1, 0.75, 0.33333333333333, 0, 0.0019731521606445, '2019-04-09 18:14:21', '2019-04-09 18:14:21'),
(606, 66, 6, 3, 0, 0, 1, 0.75, 0.33333333333333, 0, 0.0015048980712891, '2019-04-09 18:14:21', '2019-04-09 18:14:21'),
(607, 66, 7, 2, 0, 0, 3, 0.4, 0.22222222222222, 0, 0.0015919208526611, '2019-04-09 18:14:21', '2019-04-09 18:14:21'),
(608, 66, 8, 1, 0, 0, 4, 0.2, 0.11111111111111, 0, 0.0014729499816895, '2019-04-09 18:14:21', '2019-04-09 18:14:21'),
(609, 66, 9, 4, 0, 0, 0, 1, 0.44444444444444, 0, 0.0016078948974609, '2019-04-09 18:14:21', '2019-04-09 18:14:21'),
(610, 66, 10, 1, 0, 0, 5, 0.16666666666667, 0.11111111111111, 0, 0.0015039443969727, '2019-04-09 18:14:21', '2019-04-09 18:14:21'),
(611, 67, 1, 5, 4, 0, 0, 1, 1, 1, 0.0016729831695557, '2019-04-09 18:15:05', '2019-04-09 18:15:05'),
(612, 67, 2, 4, 4, 0, 1, 0.88888888888889, 0.8, 1, 0.0024168491363525, '2019-04-09 18:15:05', '2019-04-09 18:15:05'),
(613, 67, 3, 2, 5, 0, 2, 0.77777777777778, 0.5, 1, 0.0017077922821045, '2019-04-09 18:15:05', '2019-04-09 18:15:05'),
(614, 67, 4, 3, 4, 0, 2, 0.77777777777778, 0.6, 1, 0.0016570091247559, '2019-04-09 18:15:05', '2019-04-09 18:15:05'),
(615, 67, 5, 3, 4, 0, 2, 0.77777777777778, 0.6, 1, 0.0018630027770996, '2019-04-09 18:15:05', '2019-04-09 18:15:05'),
(616, 67, 6, 1, 4, 0, 4, 0.55555555555556, 0.2, 1, 0.0016558170318604, '2019-04-09 18:15:05', '2019-04-09 18:15:05'),
(617, 67, 7, 0, 4, 1, 4, 0.44444444444444, 0, 0.8, 0.0018141269683838, '2019-04-09 18:15:05', '2019-04-09 18:15:05'),
(618, 67, 8, 3, 5, 0, 1, 0.88888888888889, 0.75, 1, 0.0014510154724121, '2019-04-09 18:15:05', '2019-04-09 18:15:05'),
(619, 67, 9, 3, 4, 0, 2, 0.77777777777778, 0.6, 1, 0.0016980171203613, '2019-04-09 18:15:05', '2019-04-09 18:15:05'),
(620, 67, 10, 3, 3, 0, 3, 0.66666666666667, 0.5, 1, 0.0017449855804443, '2019-04-09 18:15:05', '2019-04-09 18:15:05'),
(621, 68, 1, 2, 5, 0, 2, 0.77777777777778, 0.5, 1, 0.0015850067138672, '2019-04-09 18:15:15', '2019-04-09 18:15:15'),
(622, 68, 2, 4, 4, 0, 1, 0.88888888888889, 0.8, 1, 0.0015580654144287, '2019-04-09 18:15:15', '2019-04-09 18:15:15'),
(623, 68, 3, 1, 4, 0, 4, 0.55555555555556, 0.2, 1, 0.0024070739746094, '2019-04-09 18:15:15', '2019-04-09 18:15:15'),
(624, 68, 4, 3, 4, 0, 2, 0.77777777777778, 0.6, 1, 0.0019729137420654, '2019-04-09 18:15:15', '2019-04-09 18:15:15'),
(625, 68, 5, 4, 4, 1, 0, 0.88888888888889, 1, 0.8, 0.0023539066314697, '2019-04-09 18:15:15', '2019-04-09 18:15:15'),
(626, 68, 6, 3, 4, 0, 2, 0.77777777777778, 0.6, 1, 0.0018839836120605, '2019-04-09 18:15:15', '2019-04-09 18:15:15'),
(627, 68, 7, 3, 4, 0, 2, 0.77777777777778, 0.6, 1, 0.0017540454864502, '2019-04-09 18:15:15', '2019-04-09 18:15:15'),
(628, 68, 8, 4, 4, 0, 1, 0.88888888888889, 0.8, 1, 0.0015859603881836, '2019-04-09 18:15:15', '2019-04-09 18:15:15'),
(629, 68, 9, 2, 4, 0, 3, 0.66666666666667, 0.4, 1, 0.0015869140625, '2019-04-09 18:15:15', '2019-04-09 18:15:15'),
(630, 68, 10, 1, 4, 0, 4, 0.55555555555556, 0.2, 1, 0.0014679431915283, '2019-04-09 18:15:15', '2019-04-09 18:15:15'),
(631, 69, 1, 5, 1, 0, 3, 0.66666666666667, 0.625, 1, 0.0025908946990967, '2019-04-09 18:16:04', '2019-04-09 18:16:04'),
(632, 69, 2, 4, 2, 0, 3, 0.66666666666667, 0.57142857142857, 1, 0.0020229816436768, '2019-04-09 18:16:04', '2019-04-09 18:16:04'),
(633, 69, 3, 4, 2, 0, 3, 0.66666666666667, 0.57142857142857, 1, 0.0020709037780762, '2019-04-09 18:16:04', '2019-04-09 18:16:04'),
(634, 69, 4, 4, 1, 0, 4, 0.55555555555556, 0.5, 1, 0.0040199756622314, '2019-04-09 18:16:04', '2019-04-09 18:16:04'),
(635, 69, 5, 2, 2, 0, 5, 0.44444444444444, 0.28571428571429, 1, 0.00201416015625, '2019-04-09 18:16:04', '2019-04-09 18:16:04'),
(636, 69, 6, 3, 2, 0, 4, 0.55555555555556, 0.42857142857143, 1, 0.0020210742950439, '2019-04-09 18:16:04', '2019-04-09 18:16:04'),
(637, 69, 7, 2, 2, 0, 5, 0.44444444444444, 0.28571428571429, 1, 0.0019500255584717, '2019-04-09 18:16:04', '2019-04-09 18:16:04'),
(638, 69, 8, 2, 2, 0, 5, 0.44444444444444, 0.28571428571429, 1, 0.0019659996032715, '2019-04-09 18:16:04', '2019-04-09 18:16:04'),
(639, 69, 9, 3, 2, 0, 3, 0.625, 0.5, 1, 0.0017619132995605, '2019-04-09 18:16:04', '2019-04-09 18:16:04'),
(640, 69, 10, 4, 3, 0, 3, 0.7, 0.57142857142857, 1, 0.0021078586578369, '2019-04-09 18:16:04', '2019-04-09 18:16:04'),
(641, 70, 1, 5, 1, 0, 3, 0.66666666666667, 0.625, 1, 0.0020380020141602, '2019-04-09 18:16:12', '2019-04-09 18:16:12'),
(642, 70, 2, 5, 2, 0, 2, 0.77777777777778, 0.71428571428571, 1, 0.0020699501037598, '2019-04-09 18:16:12', '2019-04-09 18:16:12'),
(643, 70, 3, 4, 1, 0, 4, 0.55555555555556, 0.5, 1, 0.0019271373748779, '2019-04-09 18:16:12', '2019-04-09 18:16:12'),
(644, 70, 4, 3, 1, 0, 5, 0.44444444444444, 0.375, 1, 0.0019509792327881, '2019-04-09 18:16:12', '2019-04-09 18:16:12'),
(645, 70, 5, 3, 1, 0, 5, 0.44444444444444, 0.375, 1, 0.0018329620361328, '2019-04-09 18:16:12', '2019-04-09 18:16:12'),
(646, 70, 6, 2, 2, 0, 5, 0.44444444444444, 0.28571428571429, 1, 0.0016689300537109, '2019-04-09 18:16:12', '2019-04-09 18:16:12'),
(647, 70, 7, 1, 2, 0, 6, 0.33333333333333, 0.14285714285714, 1, 0.0018160343170166, '2019-04-09 18:16:12', '2019-04-09 18:16:12'),
(648, 70, 8, 6, 2, 0, 1, 0.88888888888889, 0.85714285714286, 1, 0.0017690658569336, '2019-04-09 18:16:12', '2019-04-09 18:16:12'),
(649, 70, 9, 2, 2, 0, 4, 0.5, 0.33333333333333, 1, 0.0018141269683838, '2019-04-09 18:16:12', '2019-04-09 18:16:12'),
(650, 70, 10, 2, 5, 0, 3, 0.7, 0.4, 1, 0.0019409656524658, '2019-04-09 18:16:12', '2019-04-09 18:16:12'),
(651, 71, 1, 2, 0, 0, 3, 0.4, 0.22222222222222, 0, 0.0015411376953125, '2019-04-25 22:41:01', '2019-04-25 22:41:01'),
(652, 71, 2, 2, 0, 0, 2, 0.5, 0.22222222222222, 0, 0.0015170574188232, '2019-04-25 22:41:01', '2019-04-25 22:41:01'),
(653, 71, 3, 2, 0, 0, 2, 0.5, 0.22222222222222, 0, 0.0015840530395508, '2019-04-25 22:41:01', '2019-04-25 22:41:01'),
(654, 71, 4, 1, 0, 0, 3, 0.25, 0.11111111111111, 0, 0.0015220642089844, '2019-04-25 22:41:01', '2019-04-25 22:41:01'),
(655, 71, 5, 3, 0, 0, 2, 0.6, 0.33333333333333, 0, 0.0016410350799561, '2019-04-25 22:41:01', '2019-04-25 22:41:01'),
(656, 71, 6, 1, 0, 0, 4, 0.2, 0.11111111111111, 0, 0.0015609264373779, '2019-04-25 22:41:01', '2019-04-25 22:41:01'),
(657, 71, 7, 2, 0, 0, 3, 0.4, 0.22222222222222, 0, 0.0014979839324951, '2019-04-25 22:41:01', '2019-04-25 22:41:01'),
(658, 71, 8, 4, 0, 0, 1, 0.8, 0.44444444444444, 0, 0.0015859603881836, '2019-04-25 22:41:01', '2019-04-25 22:41:01'),
(659, 71, 9, 3, 0, 0, 2, 0.6, 0.375, 0, 0.0013799667358398, '2019-04-25 22:41:01', '2019-04-25 22:41:01'),
(660, 71, 10, 4, 0, 0, 2, 0.66666666666667, 0.4, 0, 0.0016608238220215, '2019-04-25 22:41:01', '2019-04-25 22:41:01'),
(661, 72, 1, 3, 0, 0, 2, 0.6, 0.33333333333333, 0, 0.0015461444854736, '2019-04-25 22:41:24', '2019-04-25 22:41:24'),
(662, 72, 2, 3, 0, 0, 1, 0.75, 0.33333333333333, 0, 0.001633882522583, '2019-04-25 22:41:24', '2019-04-25 22:41:24'),
(663, 72, 3, 3, 0, 0, 2, 0.6, 0.33333333333333, 0, 0.0017762184143066, '2019-04-25 22:41:24', '2019-04-25 22:41:24'),
(664, 72, 4, 3, 0, 0, 2, 0.6, 0.33333333333333, 0, 0.0015451908111572, '2019-04-25 22:41:24', '2019-04-25 22:41:24'),
(665, 72, 5, 5, 0, 0, 0, 1, 0.55555555555556, 0, 0.0015301704406738, '2019-04-25 22:41:24', '2019-04-25 22:41:24'),
(666, 72, 6, 3, 0, 0, 2, 0.6, 0.33333333333333, 0, 0.0015761852264404, '2019-04-25 22:41:24', '2019-04-25 22:41:24'),
(667, 72, 7, 2, 0, 0, 2, 0.5, 0.22222222222222, 0, 0.0016241073608398, '2019-04-25 22:41:24', '2019-04-25 22:41:24'),
(668, 72, 8, 1, 0, 0, 3, 0.25, 0.11111111111111, 0, 0.0017809867858887, '2019-04-25 22:41:24', '2019-04-25 22:41:24'),
(669, 72, 9, 1, 0, 0, 4, 0.2, 0.11111111111111, 0, 0.0015389919281006, '2019-04-25 22:41:24', '2019-04-25 22:41:24'),
(670, 72, 10, 4, 0, 0, 2, 0.66666666666667, 0.44444444444444, 0, 0.0017790794372559, '2019-04-25 22:41:24', '2019-04-25 22:41:24'),
(671, 73, 1, 3, 0, 0, 2, 0.6, 0.33333333333333, 0, 0.0016751289367676, '2019-04-25 22:53:16', '2019-04-25 22:53:16'),
(672, 73, 2, 3, 0, 0, 1, 0.75, 0.33333333333333, 0, 0.0019121170043945, '2019-04-25 22:53:16', '2019-04-25 22:53:16'),
(673, 73, 3, 4, 0, 0, 1, 0.8, 0.44444444444444, 0, 0.0015599727630615, '2019-04-25 22:53:16', '2019-04-25 22:53:16'),
(674, 73, 4, 4, 0, 0, 1, 0.8, 0.44444444444444, 0, 0.0016748905181885, '2019-04-25 22:53:16', '2019-04-25 22:53:16'),
(675, 73, 5, 2, 0, 0, 3, 0.4, 0.22222222222222, 0, 0.0017080307006836, '2019-04-25 22:53:16', '2019-04-25 22:53:16'),
(676, 73, 6, 1, 0, 0, 3, 0.25, 0.11111111111111, 0, 0.0015239715576172, '2019-04-25 22:53:16', '2019-04-25 22:53:16'),
(677, 73, 7, 3, 0, 0, 2, 0.6, 0.33333333333333, 0, 0.0016751289367676, '2019-04-25 22:53:16', '2019-04-25 22:53:16'),
(678, 73, 8, 4, 0, 0, 1, 0.8, 0.44444444444444, 0, 0.0016770362854004, '2019-04-25 22:53:16', '2019-04-25 22:53:16'),
(679, 73, 9, 0, 0, 0, 4, 0, 0, 0, 0.0015921592712402, '2019-04-25 22:53:16', '2019-04-25 22:53:16'),
(680, 73, 10, 4, 0, 0, 2, 0.66666666666667, 0.44444444444444, 0, 0.0016558170318604, '2019-04-25 22:53:16', '2019-04-25 22:53:16'),
(681, 74, 1, 1, 0, 0, 4, 0.2, 0.11111111111111, 0, 0.0016570091247559, '2019-04-25 22:54:04', '2019-04-25 22:54:04'),
(682, 74, 2, 0, 0, 0, 5, 0, 0, 0, 0.00166916847229, '2019-04-25 22:54:04', '2019-04-25 22:54:04'),
(683, 74, 3, 4, 0, 0, 1, 0.8, 0.44444444444444, 0, 0.0015790462493896, '2019-04-25 22:54:04', '2019-04-25 22:54:04'),
(684, 74, 4, 4, 0, 0, 1, 0.8, 0.44444444444444, 0, 0.0016250610351562, '2019-04-25 22:54:04', '2019-04-25 22:54:04'),
(685, 74, 5, 1, 0, 0, 4, 0.2, 0.11111111111111, 0, 0.0016129016876221, '2019-04-25 22:54:04', '2019-04-25 22:54:04'),
(686, 74, 6, 4, 0, 0, 1, 0.8, 0.44444444444444, 0, 0.0014889240264893, '2019-04-25 22:54:04', '2019-04-25 22:54:04'),
(687, 74, 7, 3, 0, 0, 2, 0.6, 0.33333333333333, 0, 0.0016300678253174, '2019-04-25 22:54:04', '2019-04-25 22:54:04'),
(688, 74, 8, 2, 0, 0, 2, 0.5, 0.22222222222222, 0, 0.0016219615936279, '2019-04-25 22:54:04', '2019-04-25 22:54:04'),
(689, 74, 9, 4, 0, 0, 1, 0.8, 0.44444444444444, 0, 0.001600980758667, '2019-04-25 22:54:04', '2019-04-25 22:54:04'),
(690, 74, 10, 4, 0, 0, 0, 1, 0.44444444444444, 0, 0.0016951560974121, '2019-04-25 22:54:04', '2019-04-25 22:54:04'),
(691, 75, 1, 2, 0, 0, 3, 0.4, 0.22222222222222, 0, 0.0017430782318115, '2019-04-25 23:01:25', '2019-04-25 23:01:25'),
(692, 75, 2, 3, 0, 0, 2, 0.6, 0.33333333333333, 0, 0.0017340183258057, '2019-04-25 23:01:25', '2019-04-25 23:01:25'),
(693, 75, 3, 3, 0, 0, 1, 0.75, 0.33333333333333, 0, 0.00164794921875, '2019-04-25 23:01:25', '2019-04-25 23:01:25'),
(694, 75, 4, 1, 0, 0, 3, 0.25, 0.11111111111111, 0, 0.001643180847168, '2019-04-25 23:01:25', '2019-04-25 23:01:25'),
(695, 75, 5, 1, 0, 0, 4, 0.2, 0.11111111111111, 0, 0.0016589164733887, '2019-04-25 23:01:25', '2019-04-25 23:01:25'),
(696, 75, 6, 4, 0, 0, 1, 0.8, 0.44444444444444, 0, 0.0016429424285889, '2019-04-25 23:01:25', '2019-04-25 23:01:25'),
(697, 75, 7, 4, 0, 0, 1, 0.8, 0.44444444444444, 0, 0.001755952835083, '2019-04-25 23:01:25', '2019-04-25 23:01:25'),
(698, 75, 8, 3, 0, 0, 2, 0.6, 0.33333333333333, 0, 0.0016210079193115, '2019-04-25 23:01:25', '2019-04-25 23:01:25'),
(699, 75, 9, 3, 0, 0, 2, 0.6, 0.33333333333333, 0, 0.0015921592712402, '2019-04-25 23:01:25', '2019-04-25 23:01:25'),
(700, 75, 10, 3, 0, 0, 2, 0.6, 0.33333333333333, 0, 0.0015017986297607, '2019-04-25 23:01:25', '2019-04-25 23:01:25'),
(701, 76, 1, 3, 0, 0, 1, 0.75, 0.33333333333333, 0, 0.0017068386077881, '2019-04-25 23:01:38', '2019-04-25 23:01:38'),
(702, 76, 2, 2, 0, 0, 2, 0.5, 0.22222222222222, 0, 0.0018229484558105, '2019-04-25 23:01:38', '2019-04-25 23:01:38'),
(703, 76, 3, 2, 0, 0, 3, 0.4, 0.22222222222222, 0, 0.0016469955444336, '2019-04-25 23:01:38', '2019-04-25 23:01:38'),
(704, 76, 4, 2, 0, 0, 2, 0.5, 0.22222222222222, 0, 0.0015988349914551, '2019-04-25 23:01:38', '2019-04-25 23:01:38'),
(705, 76, 5, 2, 0, 0, 2, 0.5, 0.22222222222222, 0, 0.0015261173248291, '2019-04-25 23:01:38', '2019-04-25 23:01:38'),
(706, 76, 6, 3, 0, 0, 2, 0.6, 0.33333333333333, 0, 0.0018389225006104, '2019-04-25 23:01:38', '2019-04-25 23:01:38'),
(707, 76, 7, 2, 0, 0, 3, 0.4, 0.22222222222222, 0, 0.0017189979553223, '2019-04-25 23:01:38', '2019-04-25 23:01:38'),
(708, 76, 8, 4, 0, 0, 1, 0.8, 0.44444444444444, 0, 0.0017130374908447, '2019-04-25 23:01:38', '2019-04-25 23:01:38'),
(709, 76, 9, 3, 0, 0, 2, 0.6, 0.42857142857143, 0, 0.0013899803161621, '2019-04-25 23:01:38', '2019-04-25 23:01:38'),
(710, 76, 10, 4, 0, 0, 3, 0.57142857142857, 0.36363636363636, 0, 0.0019140243530273, '2019-04-25 23:01:38', '2019-04-25 23:01:38'),
(711, 77, 1, 3, 0, 0, 1, 0.75, 0.33333333333333, 0, 0.002316951751709, '2019-04-25 23:06:09', '2019-04-25 23:06:09'),
(712, 77, 2, 3, 0, 0, 2, 0.6, 0.33333333333333, 0, 0.0016970634460449, '2019-04-25 23:06:09', '2019-04-25 23:06:09'),
(713, 77, 3, 1, 0, 0, 3, 0.25, 0.11111111111111, 0, 0.0025959014892578, '2019-04-25 23:06:09', '2019-04-25 23:06:09'),
(714, 77, 4, 2, 0, 0, 2, 0.5, 0.22222222222222, 0, 0.002371072769165, '2019-04-25 23:06:09', '2019-04-25 23:06:09'),
(715, 77, 5, 2, 0, 0, 2, 0.5, 0.22222222222222, 0, 0.0017409324645996, '2019-04-25 23:06:09', '2019-04-25 23:06:09'),
(716, 77, 6, 2, 0, 0, 3, 0.4, 0.22222222222222, 0, 0.001716136932373, '2019-04-25 23:06:09', '2019-04-25 23:06:09'),
(717, 77, 7, 5, 0, 0, 0, 1, 0.55555555555556, 0, 0.0016510486602783, '2019-04-25 23:06:09', '2019-04-25 23:06:09'),
(718, 77, 8, 2, 0, 0, 3, 0.4, 0.22222222222222, 0, 0.0016558170318604, '2019-04-25 23:06:09', '2019-04-25 23:06:09'),
(719, 77, 9, 3, 0, 0, 2, 0.6, 0.375, 0, 0.0014030933380127, '2019-04-25 23:06:09', '2019-04-25 23:06:09'),
(720, 77, 10, 5, 0, 0, 2, 0.71428571428571, 0.5, 0, 0.0019450187683105, '2019-04-25 23:06:09', '2019-04-25 23:06:09'),
(721, 78, 1, 3, 0, 0, 2, 0.6, 0.33333333333333, 0, 0.0015480518341064, '2019-04-25 23:06:25', '2019-04-25 23:06:25'),
(722, 78, 2, 2, 0, 0, 3, 0.4, 0.22222222222222, 0, 0.0017039775848389, '2019-04-25 23:06:25', '2019-04-25 23:06:25'),
(723, 78, 3, 3, 0, 0, 2, 0.6, 0.33333333333333, 0, 0.0015430450439453, '2019-04-25 23:06:25', '2019-04-25 23:06:25'),
(724, 78, 4, 2, 0, 0, 3, 0.4, 0.22222222222222, 0, 0.0018599033355713, '2019-04-25 23:06:25', '2019-04-25 23:06:25'),
(725, 78, 5, 2, 0, 0, 3, 0.4, 0.22222222222222, 0, 0.0016610622406006, '2019-04-25 23:06:25', '2019-04-25 23:06:25'),
(726, 78, 6, 2, 0, 0, 3, 0.4, 0.22222222222222, 0, 0.0017678737640381, '2019-04-25 23:06:25', '2019-04-25 23:06:25'),
(727, 78, 7, 5, 0, 0, 0, 1, 0.55555555555556, 0, 0.0017380714416504, '2019-04-25 23:06:25', '2019-04-25 23:06:25'),
(728, 78, 8, 4, 0, 0, 0, 1, 0.44444444444444, 0, 0.0018661022186279, '2019-04-25 23:06:25', '2019-04-25 23:06:25'),
(729, 78, 9, 2, 0, 0, 1, 0.66666666666667, 0.25, 0, 0.0016601085662842, '2019-04-25 23:06:25', '2019-04-25 23:06:25'),
(730, 78, 10, 2, 0, 0, 4, 0.33333333333333, 0.2, 0, 0.0018429756164551, '2019-04-25 23:06:25', '2019-04-25 23:06:25'),
(731, 79, 1, 0, 0, 0, 5, 0, 0, 0, 0.0016040802001953, '2019-04-26 07:03:51', '2019-04-26 07:03:51'),
(732, 79, 2, 2, 0, 0, 3, 0.4, 0.22222222222222, 0, 0.001622200012207, '2019-04-26 07:03:51', '2019-04-26 07:03:51'),
(733, 79, 3, 2, 0, 0, 3, 0.4, 0.22222222222222, 0, 0.0016460418701172, '2019-04-26 07:03:51', '2019-04-26 07:03:51'),
(734, 79, 4, 3, 0, 0, 2, 0.6, 0.33333333333333, 0, 0.0016980171203613, '2019-04-26 07:03:51', '2019-04-26 07:03:51'),
(735, 79, 5, 2, 0, 0, 3, 0.4, 0.22222222222222, 0, 0.001615047454834, '2019-04-26 07:03:51', '2019-04-26 07:03:51'),
(736, 79, 6, 4, 0, 0, 0, 1, 0.44444444444444, 0, 0.0015590190887451, '2019-04-26 07:03:51', '2019-04-26 07:03:51'),
(737, 79, 7, 4, 0, 0, 0, 1, 0.44444444444444, 0, 0.0015599727630615, '2019-04-26 07:03:51', '2019-04-26 07:03:51'),
(738, 79, 8, 3, 0, 0, 1, 0.75, 0.33333333333333, 0, 0.001878023147583, '2019-04-26 07:03:51', '2019-04-26 07:03:51'),
(739, 79, 9, 5, 0, 0, 0, 1, 0.55555555555556, 0, 0.0017008781433105, '2019-04-26 07:03:51', '2019-04-26 07:03:51'),
(740, 79, 10, 2, 0, 0, 4, 0.33333333333333, 0.22222222222222, 0, 0.0014710426330566, '2019-04-26 07:03:51', '2019-04-26 07:03:51');

-- --------------------------------------------------------

--
-- Struktur dari tabel `immunotherapy`
--

CREATE TABLE `immunotherapy` (
  `patient_id` int(11) NOT NULL,
  `sex` tinyint(4) NOT NULL,
  `age` int(11) NOT NULL,
  `time` float NOT NULL,
  `number_of_warts` int(11) NOT NULL,
  `type` tinyint(4) NOT NULL,
  `area` int(11) NOT NULL,
  `induration_diameter` int(11) NOT NULL,
  `result_of_treatment` int(11) NOT NULL,
  `created_at` timestamp NOT NULL DEFAULT CURRENT_TIMESTAMP,
  `updated_at` timestamp NOT NULL DEFAULT CURRENT_TIMESTAMP ON UPDATE CURRENT_TIMESTAMP
) ENGINE=InnoDB DEFAULT CHARSET=latin1;

-- --------------------------------------------------------

--
-- Struktur dari tabel `information_gain`
--

CREATE TABLE `information_gain` (
  `id` int(11) NOT NULL,
  `dataset_id` int(11) NOT NULL,
  `feature` varchar(255) NOT NULL,
  `gain` double NOT NULL,
  `created_at` timestamp NOT NULL DEFAULT CURRENT_TIMESTAMP,
  `updated_at` timestamp NOT NULL DEFAULT CURRENT_TIMESTAMP ON UPDATE CURRENT_TIMESTAMP
) ENGINE=InnoDB DEFAULT CHARSET=latin1;

--
-- Dumping data untuk tabel `information_gain`
--

INSERT INTO `information_gain` (`id`, `dataset_id`, `feature`, `gain`, `created_at`, `updated_at`) VALUES
(1, 1, 'type', 0.13681082736991, '2019-04-02 20:27:26', '2019-04-02 20:27:26'),
(2, 1, 'sex', 0.0037189066924358, '2019-04-02 20:27:26', '2019-04-02 20:27:26'),
(3, 1, 'area', 0, '2019-04-02 20:27:26', '2019-04-02 20:27:26'),
(4, 1, 'number_of_warts', 0, '2019-04-02 20:27:26', '2019-04-02 20:27:26'),
(5, 1, 'time', 0, '2019-04-02 20:27:26', '2019-04-02 20:27:26'),
(6, 1, 'age', 0, '2019-04-02 20:27:26', '2019-04-02 20:27:26'),
(7, 2, 'type', 0.13681082736991, '2019-04-02 20:27:26', '2019-04-02 20:27:26'),
(8, 2, 'sex', 0.0037189066924358, '2019-04-02 20:27:26', '2019-04-02 20:27:26'),
(9, 2, 'area', 0, '2019-04-02 20:27:26', '2019-04-02 20:27:26'),
(10, 2, 'number_of_warts', 0, '2019-04-02 20:27:26', '2019-04-02 20:27:26'),
(11, 2, 'time', 0, '2019-04-02 20:27:26', '2019-04-02 20:27:26'),
(12, 2, 'age', 0, '2019-04-02 20:27:26', '2019-04-02 20:27:26'),
(13, 3, 'age', 0.017517605128133, '2019-04-02 20:27:26', '2019-04-02 20:27:26'),
(14, 3, 'type', 0.0045698968182668, '2019-04-02 20:27:26', '2019-04-02 20:27:26'),
(15, 3, 'area', 0.0026514344120573, '2019-04-02 20:27:26', '2019-04-02 20:27:26'),
(16, 3, 'number_of_warts', 0.0026514344120573, '2019-04-02 20:27:26', '2019-04-02 20:27:26'),
(17, 3, 'sex', 0.00017704808827412, '2019-04-02 20:27:26', '2019-04-02 20:27:26'),
(18, 3, 'time', 0, '2019-04-02 20:27:26', '2019-04-02 20:27:26'),
(19, 3, 'induration_diameter', 0, '2019-04-02 20:27:26', '2019-04-02 20:27:26');

-- --------------------------------------------------------

--
-- Struktur dari tabel `patients`
--

CREATE TABLE `patients` (
  `patient_id` int(11) NOT NULL,
  `sex` tinyint(4) NOT NULL,
  `age` int(11) NOT NULL,
  `time` float NOT NULL,
  `number_of_warts` int(11) NOT NULL,
  `type` tinyint(4) NOT NULL,
  `area` int(11) NOT NULL,
  `result_of_treatment` int(11) NOT NULL,
  `created_at` timestamp NOT NULL DEFAULT CURRENT_TIMESTAMP,
  `updated_at` timestamp NOT NULL DEFAULT CURRENT_TIMESTAMP ON UPDATE CURRENT_TIMESTAMP
) ENGINE=InnoDB DEFAULT CHARSET=latin1;

--
-- Dumping data untuk tabel `patients`
--

INSERT INTO `patients` (`patient_id`, `sex`, `age`, `time`, `number_of_warts`, `type`, `area`, `result_of_treatment`, `created_at`, `updated_at`) VALUES
(1, 2, 19, 9.5, 8, 1, 20, 1, '2019-04-26 07:06:31', '2019-04-26 07:06:31'),
(2, 1, 35, 8, 9, 1, 160, 1, '2019-04-26 07:06:31', '2019-04-26 07:06:31'),
(3, 1, 29, 7.25, 2, 1, 100, 1, '2019-04-26 07:06:31', '2019-04-26 07:06:31'),
(4, 2, 36, 7.75, 5, 2, 20, 1, '2019-04-26 07:06:31', '2019-04-26 07:06:31'),
(5, 1, 34, 4, 3, 1, 6, 1, '2019-04-26 07:06:31', '2019-04-26 07:06:31'),
(6, 1, 15, 10.5, 11, 1, 30, 1, '2019-04-26 07:06:31', '2019-04-26 07:06:31'),
(7, 2, 15, 2, 11, 1, 4, 1, '2019-04-26 07:06:31', '2019-04-26 07:06:31'),
(8, 1, 17, 2, 10, 3, 70, 1, '2019-04-26 07:06:31', '2019-04-26 07:06:31'),
(9, 1, 23, 5.75, 10, 1, 63, 1, '2019-04-26 07:06:31', '2019-04-26 07:06:31'),
(10, 1, 18, 5.5, 5, 1, 6, 1, '2019-04-26 07:06:31', '2019-04-26 07:06:31'),
(11, 2, 22, 4, 1, 1, 80, 1, '2019-04-26 07:06:31', '2019-04-26 07:06:31'),
(12, 1, 16, 4.5, 2, 1, 70, 1, '2019-04-26 07:06:31', '2019-04-26 07:06:31'),
(13, 2, 28, 11, 3, 2, 60, 1, '2019-04-26 07:06:31', '2019-04-26 07:06:31'),
(14, 1, 40, 5, 9, 1, 100, 1, '2019-04-26 07:06:31', '2019-04-26 07:06:31'),
(15, 2, 34, 0.25, 10, 1, 115, 1, '2019-04-26 07:06:31', '2019-04-26 07:06:31'),
(16, 2, 35, 3.5, 6, 1, 75, 1, '2019-04-26 07:06:31', '2019-04-26 07:06:31'),
(17, 1, 19, 10.75, 10, 1, 20, 1, '2019-04-26 07:06:31', '2019-04-26 07:06:31'),
(18, 2, 26, 6.75, 2, 1, 6, 2, '2019-04-26 07:06:31', '2019-04-26 07:06:31'),
(19, 1, 22, 1.25, 3, 3, 47, 2, '2019-04-26 07:06:31', '2019-04-26 07:06:31'),
(20, 2, 19, 2.25, 2, 1, 60, 2, '2019-04-26 07:06:31', '2019-04-26 07:06:31'),
(21, 1, 25, 5.75, 2, 1, 300, 2, '2019-04-26 07:06:31', '2019-04-26 07:06:31'),
(22, 2, 17, 11.25, 4, 3, 70, 2, '2019-04-26 07:06:31', '2019-04-26 07:06:31'),
(23, 1, 27, 5, 2, 1, 20, 2, '2019-04-26 07:06:31', '2019-04-26 07:06:31'),
(24, 2, 24, 4.75, 10, 3, 30, 2, '2019-04-26 07:06:31', '2019-04-26 07:06:31'),
(25, 2, 20, 7.75, 18, 3, 45, 2, '2019-04-26 07:06:31', '2019-04-26 07:06:31'),
(26, 2, 38, 2.5, 1, 3, 43, 2, '2019-04-26 07:06:31', '2019-04-26 07:06:31'),
(27, 1, 23, 3, 2, 3, 87, 2, '2019-04-26 07:06:31', '2019-04-26 07:06:31'),
(28, 2, 48, 10.25, 7, 1, 50, 2, '2019-04-26 07:06:31', '2019-04-26 07:06:31'),
(29, 2, 24, 4.25, 1, 1, 174, 2, '2019-04-26 07:06:31', '2019-04-26 07:06:31'),
(30, 2, 33, 8, 3, 1, 502, 2, '2019-04-26 07:06:31', '2019-04-26 07:06:31'),
(31, 1, 29, 8.75, 3, 1, 504, 2, '2019-04-26 07:06:31', '2019-04-26 07:06:31'),
(32, 2, 22, 8.5, 5, 1, 99, 2, '2019-04-26 07:06:31', '2019-04-26 07:06:31'),
(33, 2, 22, 8.25, 9, 1, 352, 2, '2019-04-26 07:06:31', '2019-04-26 07:06:31'),
(34, 1, 35, 8.75, 10, 2, 69, 2, '2019-04-26 07:06:31', '2019-04-26 07:06:31'),
(35, 2, 15, 3.75, 2, 3, 70, 1, '2019-04-26 07:06:31', '2019-04-26 07:06:31'),
(36, 2, 17, 5.25, 3, 1, 63, 1, '2019-04-26 07:06:31', '2019-04-26 07:06:31'),
(37, 2, 15, 4.25, 1, 1, 6, 1, '2019-04-26 07:06:31', '2019-04-26 07:06:31'),
(38, 2, 18, 5.75, 1, 1, 80, 1, '2019-04-26 07:06:31', '2019-04-26 07:06:31'),
(39, 1, 22, 5.5, 2, 1, 70, 1, '2019-04-26 07:06:31', '2019-04-26 07:06:31'),
(40, 2, 16, 8.5, 1, 2, 60, 1, '2019-04-26 07:06:31', '2019-04-26 07:06:31'),
(41, 1, 28, 4.75, 3, 1, 100, 1, '2019-04-26 07:06:31', '2019-04-26 07:06:31'),
(42, 1, 30, 2.5, 2, 1, 115, 1, '2019-04-26 07:06:31', '2019-04-26 07:06:31'),
(43, 1, 20, 0.5, 2, 1, 75, 1, '2019-04-26 07:06:31', '2019-04-26 07:06:31'),
(44, 2, 19, 8.75, 6, 1, 160, 1, '2019-04-26 07:06:31', '2019-04-26 07:06:31'),
(45, 1, 35, 9.25, 9, 1, 100, 1, '2019-04-26 07:06:31', '2019-04-26 07:06:31'),
(46, 1, 29, 7.25, 6, 1, 96, 1, '2019-04-26 07:06:31', '2019-04-26 07:06:31'),
(47, 2, 41, 10.5, 2, 2, 20, 1, '2019-04-26 07:06:31', '2019-04-26 07:06:31'),
(48, 1, 20, 5, 3, 1, 6, 1, '2019-04-26 07:06:31', '2019-04-26 07:06:31'),
(49, 2, 15, 8, 12, 1, 30, 1, '2019-04-26 07:06:31', '2019-04-26 07:06:31'),
(50, 1, 15, 3.5, 2, 1, 4, 1, '2019-04-26 07:06:31', '2019-04-26 07:06:31'),
(51, 2, 33, 8, 5, 1, 63, 2, '2019-04-26 07:06:31', '2019-04-26 07:06:31'),
(52, 2, 15, 4, 12, 1, 72, 2, '2019-04-26 07:06:31', '2019-04-26 07:06:31'),
(53, 1, 17, 8.5, 2, 1, 44, 2, '2019-04-26 07:06:31', '2019-04-26 07:06:31'),
(54, 1, 29, 5, 12, 3, 75, 2, '2019-04-26 07:06:31', '2019-04-26 07:06:31'),
(55, 2, 51, 6, 6, 1, 80, 2, '2019-04-26 07:06:31', '2019-04-26 07:06:31'),
(56, 1, 35, 6.75, 4, 3, 41, 2, '2019-04-26 07:06:31', '2019-04-26 07:06:31'),
(57, 1, 43, 8, 1, 1, 59, 2, '2019-04-26 07:06:31', '2019-04-26 07:06:31'),
(58, 1, 15, 4, 4, 3, 25, 2, '2019-04-26 07:06:31', '2019-04-26 07:06:31'),
(59, 2, 51, 4, 1, 1, 65, 2, '2019-04-26 07:06:31', '2019-04-26 07:06:31'),
(60, 1, 45, 6.5, 9, 2, 49, 2, '2019-04-26 07:06:31', '2019-04-26 07:06:31'),
(61, 2, 47, 9.25, 13, 2, 367, 2, '2019-04-26 07:06:31', '2019-04-26 07:06:31'),
(62, 1, 18, 11.75, 5, 2, 13, 2, '2019-04-26 07:06:31', '2019-04-26 07:06:31'),
(63, 2, 46, 7.75, 8, 1, 40, 2, '2019-04-26 07:06:31', '2019-04-26 07:06:31'),
(64, 1, 43, 11, 7, 1, 507, 2, '2019-04-26 07:06:31', '2019-04-26 07:06:31'),
(65, 1, 30, 1, 2, 1, 88, 2, '2019-04-26 07:06:31', '2019-04-26 07:06:31'),
(66, 2, 16, 2, 11, 1, 47, 2, '2019-04-26 07:06:31', '2019-04-26 07:06:31'),
(67, 2, 15, 8, 1, 1, 55, 2, '2019-04-26 07:06:31', '2019-04-26 07:06:31'),
(68, 2, 53, 7.25, 6, 1, 81, 2, '2019-04-26 07:06:31', '2019-04-26 07:06:31'),
(69, 1, 40, 5.5, 8, 3, 69, 2, '2019-04-26 07:06:31', '2019-04-26 07:06:31'),
(70, 1, 38, 7.5, 8, 2, 56, 2, '2019-04-26 07:06:31', '2019-04-26 07:06:31'),
(71, 2, 23, 6.75, 6, 1, 19, 2, '2019-04-26 07:06:31', '2019-04-26 07:06:31'),
(72, 1, 29, 7, 5, 1, 96, 1, '2019-04-26 07:06:31', '2019-04-26 07:06:31'),
(73, 1, 41, 8, 2, 2, 20, 1, '2019-04-26 07:06:31', '2019-04-26 07:06:31'),
(74, 1, 20, 4.5, 12, 1, 6, 1, '2019-04-26 07:06:31', '2019-04-26 07:06:31'),
(75, 2, 15, 6, 2, 1, 30, 1, '2019-04-26 07:06:31', '2019-04-26 07:06:31'),
(76, 2, 15, 2, 3, 1, 4, 1, '2019-04-26 07:06:31', '2019-04-26 07:06:31'),
(77, 2, 19, 11, 5, 2, 51, 2, '2019-04-26 07:06:31', '2019-04-26 07:06:31'),
(78, 1, 21, 8, 3, 1, 17, 2, '2019-04-26 07:06:31', '2019-04-26 07:06:31'),
(79, 1, 26, 7.75, 13, 2, 13, 2, '2019-04-26 07:06:31', '2019-04-26 07:06:31'),
(80, 1, 51, 8.75, 2, 2, 57, 2, '2019-04-26 07:06:31', '2019-04-26 07:06:31'),
(81, 1, 19, 7.75, 6, 1, 32, 2, '2019-04-26 07:06:31', '2019-04-26 07:06:31'),
(82, 2, 36, 1.75, 10, 3, 45, 2, '2019-04-26 07:06:31', '2019-04-26 07:06:31'),
(83, 2, 52, 2.25, 5, 1, 63, 2, '2019-04-26 07:06:31', '2019-04-26 07:06:31'),
(84, 2, 49, 9, 4, 2, 14, 2, '2019-04-26 07:06:31', '2019-04-26 07:06:31'),
(85, 1, 23, 5.75, 2, 1, 43, 2, '2019-04-26 07:06:31', '2019-04-26 07:06:31'),
(86, 1, 45, 10, 8, 1, 58, 2, '2019-04-26 07:06:31', '2019-04-26 07:06:31'),
(87, 1, 54, 7.5, 13, 3, 43, 2, '2019-04-26 07:06:31', '2019-04-26 07:06:31'),
(88, 2, 47, 5.25, 3, 3, 23, 2, '2019-04-26 07:06:31', '2019-04-26 07:06:31'),
(89, 2, 53, 10, 1, 2, 30, 2, '2019-04-26 07:06:31', '2019-04-26 07:06:31'),
(90, 1, 27, 11.25, 3, 2, 37, 2, '2019-04-26 07:06:31', '2019-04-26 07:06:31'),
(91, 2, 47, 3.75, 14, 2, 67, 2, '2019-04-26 07:06:31', '2019-04-26 07:06:31'),
(92, 2, 19, 2.25, 8, 2, 42, 2, '2019-04-26 07:06:31', '2019-04-26 07:06:31'),
(93, 2, 15, 1.5, 12, 3, 70, 1, '2019-04-26 07:06:31', '2019-04-26 07:06:31'),
(94, 1, 17, 5.25, 4, 1, 63, 1, '2019-04-26 07:06:31', '2019-04-26 07:06:31'),
(95, 2, 18, 4, 7, 1, 6, 1, '2019-04-26 07:06:31', '2019-04-26 07:06:31'),
(96, 2, 22, 4.5, 8, 1, 80, 1, '2019-04-26 07:06:31', '2019-04-26 07:06:31'),
(97, 1, 16, 5, 9, 1, 70, 1, '2019-04-26 07:06:31', '2019-04-26 07:06:31'),
(98, 2, 28, 10.25, 3, 2, 60, 1, '2019-04-26 07:06:31', '2019-04-26 07:06:31'),
(99, 2, 40, 4, 11, 1, 100, 1, '2019-04-26 07:06:31', '2019-04-26 07:06:31'),
(100, 1, 34, 0.5, 8, 3, 115, 1, '2019-04-26 07:06:31', '2019-04-26 07:06:31'),
(101, 2, 35, 3.75, 11, 1, 75, 1, '2019-04-26 07:06:31', '2019-04-26 07:06:31'),
(102, 1, 22, 2.25, 14, 3, 51, 2, '2019-04-26 07:06:31', '2019-04-26 07:06:31'),
(103, 1, 15, 3, 2, 3, 900, 2, '2019-04-26 07:06:31', '2019-04-26 07:06:31'),
(104, 1, 16, 10.5, 2, 1, 100, 2, '2019-04-26 07:06:31', '2019-04-26 07:06:31'),
(105, 1, 27, 4.5, 9, 3, 80, 2, '2019-04-26 07:06:31', '2019-04-26 07:06:31'),
(106, 1, 20, 8, 6, 1, 45, 2, '2019-04-26 07:06:31', '2019-04-26 07:06:31'),
(107, 1, 15, 5, 3, 3, 84, 2, '2019-04-26 07:06:31', '2019-04-26 07:06:31'),
(108, 1, 35, 9.75, 2, 2, 8, 2, '2019-04-26 07:06:31', '2019-04-26 07:06:31'),
(109, 2, 28, 7.5, 4, 1, 9, 2, '2019-04-26 07:06:31', '2019-04-26 07:06:31'),
(110, 2, 19, 6, 2, 1, 225, 2, '2019-04-26 07:06:31', '2019-04-26 07:06:31'),
(111, 2, 33, 6.25, 2, 1, 30, 2, '2019-04-26 07:06:31', '2019-04-26 07:06:31'),
(112, 2, 17, 5.75, 12, 3, 25, 2, '2019-04-26 07:06:31', '2019-04-26 07:06:31'),
(113, 2, 15, 5.5, 12, 1, 48, 2, '2019-04-26 07:06:31', '2019-04-26 07:06:31'),
(114, 2, 16, 10, 7, 1, 143, 2, '2019-04-26 07:06:31', '2019-04-26 07:06:31'),
(115, 2, 33, 9.25, 2, 2, 150, 2, '2019-04-26 07:06:31', '2019-04-26 07:06:31'),
(116, 2, 26, 7.75, 6, 2, 6, 2, '2019-04-26 07:06:31', '2019-04-26 07:06:31'),
(117, 2, 23, 7.5, 10, 2, 43, 2, '2019-04-26 07:06:31', '2019-04-26 07:06:31'),
(118, 2, 15, 6.5, 19, 1, 56, 2, '2019-04-26 07:06:31', '2019-04-26 07:06:31');

--
-- Indexes for dumped tables
--

--
-- Indexes for table `cyrotherapy`
--
ALTER TABLE `cyrotherapy`
  ADD PRIMARY KEY (`patient_id`);

--
-- Indexes for table `dataset_type`
--
ALTER TABLE `dataset_type`
  ADD PRIMARY KEY (`id`);

--
-- Indexes for table `experiments`
--
ALTER TABLE `experiments`
  ADD PRIMARY KEY (`experiment_id`);

--
-- Indexes for table `experiment_details`
--
ALTER TABLE `experiment_details`
  ADD PRIMARY KEY (`detail_id`),
  ADD KEY `experiment_id` (`experiment_id`);

--
-- Indexes for table `immunotherapy`
--
ALTER TABLE `immunotherapy`
  ADD PRIMARY KEY (`patient_id`);

--
-- Indexes for table `information_gain`
--
ALTER TABLE `information_gain`
  ADD PRIMARY KEY (`id`);

--
-- Indexes for table `patients`
--
ALTER TABLE `patients`
  ADD PRIMARY KEY (`patient_id`);

--
-- AUTO_INCREMENT for dumped tables
--

--
-- AUTO_INCREMENT for table `cyrotherapy`
--
ALTER TABLE `cyrotherapy`
  MODIFY `patient_id` int(11) NOT NULL AUTO_INCREMENT;
--
-- AUTO_INCREMENT for table `dataset_type`
--
ALTER TABLE `dataset_type`
  MODIFY `id` int(11) NOT NULL AUTO_INCREMENT, AUTO_INCREMENT=4;
--
-- AUTO_INCREMENT for table `experiments`
--
ALTER TABLE `experiments`
  MODIFY `experiment_id` int(11) NOT NULL AUTO_INCREMENT, AUTO_INCREMENT=83;
--
-- AUTO_INCREMENT for table `experiment_details`
--
ALTER TABLE `experiment_details`
  MODIFY `detail_id` int(11) NOT NULL AUTO_INCREMENT, AUTO_INCREMENT=741;
--
-- AUTO_INCREMENT for table `immunotherapy`
--
ALTER TABLE `immunotherapy`
  MODIFY `patient_id` int(11) NOT NULL AUTO_INCREMENT;
--
-- AUTO_INCREMENT for table `information_gain`
--
ALTER TABLE `information_gain`
  MODIFY `id` int(11) NOT NULL AUTO_INCREMENT, AUTO_INCREMENT=20;
--
-- AUTO_INCREMENT for table `patients`
--
ALTER TABLE `patients`
  MODIFY `patient_id` int(11) NOT NULL AUTO_INCREMENT, AUTO_INCREMENT=119;
--
-- Ketidakleluasaan untuk tabel pelimpahan (Dumped Tables)
--

--
-- Ketidakleluasaan untuk tabel `experiment_details`
--
ALTER TABLE `experiment_details`
  ADD CONSTRAINT `experiment_details_ibfk_1` FOREIGN KEY (`experiment_id`) REFERENCES `experiments` (`experiment_id`) ON DELETE CASCADE ON UPDATE CASCADE;

/*!40101 SET CHARACTER_SET_CLIENT=@OLD_CHARACTER_SET_CLIENT */;
/*!40101 SET CHARACTER_SET_RESULTS=@OLD_CHARACTER_SET_RESULTS */;
/*!40101 SET COLLATION_CONNECTION=@OLD_COLLATION_CONNECTION */;
