-- phpMyAdmin SQL Dump
-- version 4.8.4
-- https://www.phpmyadmin.net/
--
-- Host: 127.0.0.1
-- Generation Time: Jan 27, 2019 at 06:35 PM
-- Server version: 10.1.28-MariaDB
-- PHP Version: 7.3.1

SET SQL_MODE = "NO_AUTO_VALUE_ON_ZERO";
SET AUTOCOMMIT = 0;
START TRANSACTION;
SET time_zone = "+00:00";


/*!40101 SET @OLD_CHARACTER_SET_CLIENT=@@CHARACTER_SET_CLIENT */;
/*!40101 SET @OLD_CHARACTER_SET_RESULTS=@@CHARACTER_SET_RESULTS */;
/*!40101 SET @OLD_COLLATION_CONNECTION=@@COLLATION_CONNECTION */;
/*!40101 SET NAMES utf8mb4 */;

--
-- Database: `db_knnig`
--

-- --------------------------------------------------------

--
-- Table structure for table `cyrotherapy`
--

CREATE TABLE `cyrotherapy` (
  `patient_id` int(11) NOT NULL,
  `sex` tinyint(4) NOT NULL,
  `age` int(11) NOT NULL,
  `time` float NOT NULL,
  `number_of_warts` int(11) NOT NULL,
  `type` tinyint(4) NOT NULL,
  `area` int(11) NOT NULL,
  `result_of_treatment` int(11) NOT NULL,
  `created_at` timestamp NOT NULL DEFAULT CURRENT_TIMESTAMP,
  `updated_at` timestamp NOT NULL DEFAULT CURRENT_TIMESTAMP ON UPDATE CURRENT_TIMESTAMP
) ENGINE=InnoDB DEFAULT CHARSET=latin1;

--
-- Dumping data for table `cyrotherapy`
--

INSERT INTO `cyrotherapy` (`patient_id`, `sex`, `age`, `time`, `number_of_warts`, `type`, `area`, `result_of_treatment`, `created_at`, `updated_at`) VALUES
(1, 1, 35, 12, 5, 1, 100, 0, '2019-01-27 11:20:50', '2019-01-27 11:20:50'),
(2, 1, 29, 7, 5, 1, 96, 1, '2019-01-27 11:20:50', '2019-01-27 11:20:50'),
(3, 1, 50, 8, 1, 3, 132, 0, '2019-01-27 11:20:50', '2019-01-27 11:20:50'),
(4, 1, 32, 11.75, 7, 3, 750, 0, '2019-01-27 11:20:50', '2019-01-27 11:20:50'),
(5, 1, 67, 9.25, 1, 1, 42, 0, '2019-01-27 11:20:50', '2019-01-27 11:20:50'),
(6, 1, 41, 8, 2, 2, 20, 1, '2019-01-27 11:20:50', '2019-01-27 11:20:50'),
(7, 1, 36, 11, 2, 1, 8, 0, '2019-01-27 11:20:50', '2019-01-27 11:20:50'),
(8, 1, 59, 3.5, 3, 3, 20, 0, '2019-01-27 11:20:50', '2019-01-27 11:20:50'),
(9, 1, 20, 4.5, 12, 1, 6, 1, '2019-01-27 11:20:50', '2019-01-27 11:20:50'),
(10, 2, 34, 11.25, 3, 3, 150, 0, '2019-01-27 11:20:50', '2019-01-27 11:20:50'),
(11, 2, 21, 10.75, 5, 1, 35, 0, '2019-01-27 11:20:50', '2019-01-27 11:20:50'),
(12, 2, 15, 6, 2, 1, 30, 1, '2019-01-27 11:20:50', '2019-01-27 11:20:50'),
(13, 2, 15, 2, 3, 1, 4, 1, '2019-01-27 11:20:50', '2019-01-27 11:20:50'),
(14, 2, 15, 3.75, 2, 3, 70, 1, '2019-01-27 11:20:50', '2019-01-27 11:20:50'),
(15, 2, 17, 11, 2, 1, 10, 0, '2019-01-27 11:20:50', '2019-01-27 11:20:50'),
(16, 2, 17, 5.25, 3, 1, 63, 1, '2019-01-27 11:20:50', '2019-01-27 11:20:50'),
(17, 2, 23, 11.75, 12, 3, 72, 0, '2019-01-27 11:20:50', '2019-01-27 11:20:50'),
(18, 2, 27, 8.75, 2, 1, 6, 0, '2019-01-27 11:20:50', '2019-01-27 11:20:50'),
(19, 2, 15, 4.25, 1, 1, 6, 1, '2019-01-27 11:20:50', '2019-01-27 11:20:50'),
(20, 2, 18, 5.75, 1, 1, 80, 1, '2019-01-27 11:20:50', '2019-01-27 11:20:50'),
(21, 1, 22, 5.5, 2, 1, 70, 1, '2019-01-27 11:20:50', '2019-01-27 11:20:50'),
(22, 2, 16, 8.5, 1, 2, 60, 1, '2019-01-27 11:20:50', '2019-01-27 11:20:50'),
(23, 1, 28, 4.75, 3, 1, 100, 1, '2019-01-27 11:20:50', '2019-01-27 11:20:50'),
(24, 2, 40, 9.75, 1, 2, 80, 0, '2019-01-27 11:20:50', '2019-01-27 11:20:50'),
(25, 1, 30, 2.5, 2, 1, 115, 1, '2019-01-27 11:20:50', '2019-01-27 11:20:50'),
(26, 2, 34, 12, 3, 3, 95, 0, '2019-01-27 11:20:50', '2019-01-27 11:20:50'),
(27, 1, 20, 0.5, 2, 1, 75, 1, '2019-01-27 11:20:50', '2019-01-27 11:20:50'),
(28, 2, 35, 12, 5, 3, 100, 0, '2019-01-27 11:20:50', '2019-01-27 11:20:50'),
(29, 2, 24, 9.5, 3, 3, 20, 0, '2019-01-27 11:20:50', '2019-01-27 11:20:50'),
(30, 2, 19, 8.75, 6, 1, 160, 1, '2019-01-27 11:20:50', '2019-01-27 11:20:50'),
(31, 1, 35, 9.25, 9, 1, 100, 1, '2019-01-27 11:20:50', '2019-01-27 11:20:50'),
(32, 1, 29, 7.25, 6, 1, 96, 1, '2019-01-27 11:20:50', '2019-01-27 11:20:50'),
(33, 1, 50, 8.75, 11, 3, 132, 0, '2019-01-27 11:20:50', '2019-01-27 11:20:50'),
(34, 2, 32, 12, 4, 3, 750, 0, '2019-01-27 11:20:50', '2019-01-27 11:20:50'),
(35, 2, 67, 12, 12, 3, 42, 0, '2019-01-27 11:20:50', '2019-01-27 11:20:50'),
(36, 2, 41, 10.5, 2, 2, 20, 1, '2019-01-27 11:20:50', '2019-01-27 11:20:50'),
(37, 2, 36, 11, 6, 1, 8, 0, '2019-01-27 11:20:50', '2019-01-27 11:20:50'),
(38, 1, 63, 2.75, 3, 3, 20, 0, '2019-01-27 11:20:50', '2019-01-27 11:20:50'),
(39, 1, 20, 5, 3, 1, 6, 1, '2019-01-27 11:20:50', '2019-01-27 11:20:50'),
(40, 1, 34, 12, 1, 3, 150, 0, '2019-01-27 11:20:50', '2019-01-27 11:20:50'),
(41, 2, 21, 10.5, 5, 1, 35, 0, '2019-01-27 11:20:50', '2019-01-27 11:20:50'),
(42, 2, 15, 8, 12, 1, 30, 1, '2019-01-27 11:20:50', '2019-01-27 11:20:50'),
(43, 1, 15, 3.5, 2, 1, 4, 1, '2019-01-27 11:20:50', '2019-01-27 11:20:50'),
(44, 2, 15, 1.5, 12, 3, 70, 1, '2019-01-27 11:20:50', '2019-01-27 11:20:50'),
(45, 1, 17, 11.5, 2, 1, 10, 0, '2019-01-27 11:20:50', '2019-01-27 11:20:50'),
(46, 1, 17, 5.25, 4, 1, 63, 1, '2019-01-27 11:20:50', '2019-01-27 11:20:50'),
(47, 2, 23, 9.5, 5, 3, 72, 0, '2019-01-27 11:20:50', '2019-01-27 11:20:50'),
(48, 1, 27, 10, 5, 1, 6, 0, '2019-01-27 11:20:50', '2019-01-27 11:20:50'),
(49, 1, 15, 4, 7, 1, 6, 1, '2019-01-27 11:20:50', '2019-01-27 11:20:50'),
(50, 2, 18, 4.5, 8, 1, 80, 1, '2019-01-27 11:20:50', '2019-01-27 11:20:50'),
(51, 2, 22, 5, 9, 1, 70, 1, '2019-01-27 11:20:50', '2019-01-27 11:20:50'),
(52, 1, 16, 10.25, 3, 2, 60, 1, '2019-01-27 11:20:50', '2019-01-27 11:20:50'),
(53, 2, 28, 4, 11, 1, 100, 1, '2019-01-27 11:20:50', '2019-01-27 11:20:50'),
(54, 2, 40, 8.75, 6, 2, 80, 0, '2019-01-27 11:20:50', '2019-01-27 11:20:50'),
(55, 2, 30, 0.5, 8, 3, 115, 1, '2019-01-27 11:20:50', '2019-01-27 11:20:50'),
(56, 1, 34, 10.75, 1, 3, 95, 0, '2019-01-27 11:20:50', '2019-01-27 11:20:50'),
(57, 1, 20, 3.75, 11, 1, 75, 1, '2019-01-27 11:20:50', '2019-01-27 11:20:50'),
(58, 2, 35, 8.5, 6, 3, 100, 0, '2019-01-27 11:20:50', '2019-01-27 11:20:50'),
(59, 1, 24, 9.5, 8, 1, 20, 1, '2019-01-27 11:20:50', '2019-01-27 11:20:50'),
(60, 2, 19, 8, 9, 1, 160, 1, '2019-01-27 11:20:50', '2019-01-27 11:20:50'),
(61, 1, 35, 7.25, 2, 1, 100, 1, '2019-01-27 11:20:50', '2019-01-27 11:20:50'),
(62, 1, 29, 11.75, 5, 1, 96, 0, '2019-01-27 11:20:50', '2019-01-27 11:20:50'),
(63, 2, 50, 9.5, 4, 3, 132, 0, '2019-01-27 11:20:50', '2019-01-27 11:20:50'),
(64, 2, 32, 12, 12, 3, 750, 0, '2019-01-27 11:20:50', '2019-01-27 11:20:50'),
(65, 1, 67, 10, 7, 1, 42, 0, '2019-01-27 11:20:50', '2019-01-27 11:20:50'),
(66, 2, 41, 7.75, 5, 2, 20, 1, '2019-01-27 11:20:50', '2019-01-27 11:20:50'),
(67, 2, 36, 10.5, 4, 1, 8, 0, '2019-01-27 11:20:50', '2019-01-27 11:20:50'),
(68, 1, 67, 3.75, 11, 3, 20, 0, '2019-01-27 11:20:50', '2019-01-27 11:20:50'),
(69, 1, 20, 4, 3, 1, 6, 1, '2019-01-27 11:20:50', '2019-01-27 11:20:50'),
(70, 1, 34, 11.25, 1, 3, 150, 0, '2019-01-27 11:20:50', '2019-01-27 11:20:50'),
(71, 2, 21, 10.75, 7, 1, 35, 0, '2019-01-27 11:20:50', '2019-01-27 11:20:50'),
(72, 1, 15, 10.5, 11, 1, 30, 1, '2019-01-27 11:20:50', '2019-01-27 11:20:50'),
(73, 1, 15, 2, 11, 1, 4, 1, '2019-01-27 11:20:50', '2019-01-27 11:20:50'),
(74, 2, 15, 2, 10, 3, 70, 1, '2019-01-27 11:20:50', '2019-01-27 11:20:50'),
(75, 1, 17, 9.25, 12, 1, 10, 0, '2019-01-27 11:20:50', '2019-01-27 11:20:50'),
(76, 1, 17, 5.75, 10, 1, 63, 1, '2019-01-27 11:20:50', '2019-01-27 11:20:50'),
(77, 1, 23, 10.25, 7, 3, 72, 0, '2019-01-27 11:20:50', '2019-01-27 11:20:50'),
(78, 1, 27, 10.5, 7, 1, 6, 0, '2019-01-27 11:20:50', '2019-01-27 11:20:50'),
(79, 1, 15, 5.5, 5, 1, 6, 1, '2019-01-27 11:20:50', '2019-01-27 11:20:50'),
(80, 1, 18, 4, 1, 1, 80, 1, '2019-01-27 11:20:50', '2019-01-27 11:20:50'),
(81, 2, 22, 4.5, 2, 1, 70, 1, '2019-01-27 11:20:50', '2019-01-27 11:20:50'),
(82, 1, 16, 11, 3, 2, 60, 1, '2019-01-27 11:20:50', '2019-01-27 11:20:50'),
(83, 2, 28, 5, 9, 1, 100, 1, '2019-01-27 11:20:50', '2019-01-27 11:20:50'),
(84, 1, 40, 11.5, 9, 2, 80, 0, '2019-01-27 11:20:50', '2019-01-27 11:20:50'),
(85, 1, 30, 0.25, 10, 1, 115, 1, '2019-01-27 11:20:50', '2019-01-27 11:20:50'),
(86, 2, 34, 12, 3, 3, 95, 0, '2019-01-27 11:20:50', '2019-01-27 11:20:50'),
(87, 2, 20, 3.5, 6, 1, 75, 1, '2019-01-27 11:20:50', '2019-01-27 11:20:50'),
(88, 2, 35, 8.25, 8, 3, 100, 0, '2019-01-27 11:20:50', '2019-01-27 11:20:50'),
(89, 1, 24, 10.75, 10, 1, 20, 1, '2019-01-27 11:20:50', '2019-01-27 11:20:50'),
(90, 1, 19, 8, 8, 1, 160, 1, '2019-01-27 11:20:50', '2019-01-27 11:20:50');

-- --------------------------------------------------------

--
-- Table structure for table `dataset_type`
--

CREATE TABLE `dataset_type` (
  `id` int(11) NOT NULL,
  `type` varchar(255) NOT NULL,
  `created_at` timestamp NOT NULL DEFAULT CURRENT_TIMESTAMP,
  `updated_at` timestamp NOT NULL DEFAULT CURRENT_TIMESTAMP ON UPDATE CURRENT_TIMESTAMP
) ENGINE=InnoDB DEFAULT CHARSET=latin1;

--
-- Dumping data for table `dataset_type`
--

INSERT INTO `dataset_type` (`id`, `type`, `created_at`, `updated_at`) VALUES
(1, 'gabungan', '2019-01-24 13:35:17', '2019-01-24 13:35:17'),
(2, 'cyrotherapy', '2019-01-24 13:35:17', '2019-01-24 13:35:17'),
(3, 'immunotherapy', '2019-01-24 13:35:31', '2019-01-24 13:35:31');

-- --------------------------------------------------------

--
-- Table structure for table `experiments`
--

CREATE TABLE `experiments` (
  `experiment_id` int(11) NOT NULL,
  `dataset_id` int(11) NOT NULL,
  `created_at` timestamp NOT NULL DEFAULT CURRENT_TIMESTAMP,
  `number_of_folds` int(11) NOT NULL,
  `number_of_neighbors` int(11) NOT NULL,
  `thresholds` double NOT NULL,
  `updated_at` timestamp NOT NULL DEFAULT CURRENT_TIMESTAMP ON UPDATE CURRENT_TIMESTAMP
) ENGINE=InnoDB DEFAULT CHARSET=latin1;

--
-- Dumping data for table `experiments`
--

INSERT INTO `experiments` (`experiment_id`, `dataset_id`, `created_at`, `number_of_folds`, `number_of_neighbors`, `thresholds`, `updated_at`) VALUES
(1, 2, '2019-01-27 17:31:46', 10, 5, 0.0037189066924358, '2019-01-27 17:31:46'),
(2, 2, '2019-01-27 17:32:14', 10, 5, 0.0037189066924358, '2019-01-27 17:32:14'),
(3, 3, '2019-01-27 17:32:59', 10, 5, 0.0037189066924358, '2019-01-27 17:32:59');

-- --------------------------------------------------------

--
-- Table structure for table `experiment_details`
--

CREATE TABLE `experiment_details` (
  `detail_id` int(11) NOT NULL,
  `experiment_id` int(11) NOT NULL,
  `fold_number` int(11) NOT NULL,
  `tp` int(11) NOT NULL,
  `tn` int(11) NOT NULL,
  `fp` int(11) NOT NULL,
  `fn` int(11) NOT NULL,
  `accuracy` double NOT NULL,
  `sensitivity` double NOT NULL,
  `specificity` double NOT NULL,
  `execution_time` double NOT NULL,
  `igr_tp` int(11) NOT NULL,
  `igr_tn` int(11) NOT NULL,
  `igr_fp` int(11) NOT NULL,
  `igr_fn` int(11) NOT NULL,
  `igr_accuracy` double NOT NULL,
  `igr_sensitivity` double NOT NULL,
  `igr_specificity` double NOT NULL,
  `igr_execution_time` double NOT NULL,
  `created_at` timestamp NOT NULL DEFAULT CURRENT_TIMESTAMP,
  `updated_at` timestamp NOT NULL DEFAULT CURRENT_TIMESTAMP ON UPDATE CURRENT_TIMESTAMP
) ENGINE=InnoDB DEFAULT CHARSET=latin1;

--
-- Dumping data for table `experiment_details`
--

INSERT INTO `experiment_details` (`detail_id`, `experiment_id`, `fold_number`, `tp`, `tn`, `fp`, `fn`, `accuracy`, `sensitivity`, `specificity`, `execution_time`, `igr_tp`, `igr_tn`, `igr_fp`, `igr_fn`, `igr_accuracy`, `igr_sensitivity`, `igr_specificity`, `igr_execution_time`, `created_at`, `updated_at`) VALUES
(1, 3, 1, 4, 0, 0, 4, 0.5, 0.44444444444444, 0, 0.015949964523315, 4, 0, 0, 4, 0.5, 0.44444444444444, 0, 0.0050179958343506, '2019-01-27 17:32:59', '2019-01-27 17:32:59'),
(2, 3, 2, 4, 0, 0, 4, 0.5, 0.44444444444444, 0, 0.012630939483643, 4, 0, 0, 4, 0.5, 0.44444444444444, 0, 0.010790824890137, '2019-01-27 17:32:59', '2019-01-27 17:32:59'),
(3, 3, 3, 1, 0, 0, 7, 0.125, 0.11111111111111, 0, 0.010645866394043, 1, 0, 0, 7, 0.125, 0.11111111111111, 0, 0.0092039108276367, '2019-01-27 17:32:59', '2019-01-27 17:32:59'),
(4, 3, 4, 5, 0, 0, 2, 0.71428571428571, 0.55555555555556, 0, 0.01464581489563, 5, 0, 0, 2, 0.71428571428571, 0.55555555555556, 0, 0.0076489448547363, '2019-01-27 17:32:59', '2019-01-27 17:32:59'),
(5, 3, 5, 3, 0, 0, 4, 0.42857142857143, 0.33333333333333, 0, 0.017052888870239, 3, 0, 0, 4, 0.42857142857143, 0.33333333333333, 0, 0.0083420276641846, '2019-01-27 17:32:59', '2019-01-27 17:32:59'),
(6, 3, 6, 6, 0, 0, 1, 0.85714285714286, 0.66666666666667, 0, 0.016047954559326, 6, 0, 0, 1, 0.85714285714286, 0.66666666666667, 0, 0.0080709457397461, '2019-01-27 17:32:59', '2019-01-27 17:32:59'),
(7, 3, 7, 3, 0, 0, 4, 0.42857142857143, 0.33333333333333, 0, 0.019154071807861, 3, 0, 0, 4, 0.42857142857143, 0.33333333333333, 0, 0.010430097579956, '2019-01-27 17:32:59', '2019-01-27 17:32:59'),
(8, 3, 8, 3, 0, 0, 4, 0.42857142857143, 0.33333333333333, 0, 0.0106360912323, 3, 0, 0, 4, 0.42857142857143, 0.33333333333333, 0, 0.0082371234893799, '2019-01-27 17:32:59', '2019-01-27 17:32:59'),
(9, 3, 9, 3, 0, 0, 3, 0.5, 0.375, 0, 0.012660980224609, 3, 0, 0, 3, 0.5, 0.375, 0, 0.0040040016174316, '2019-01-27 17:32:59', '2019-01-27 17:32:59'),
(10, 3, 10, 1, 0, 0, 5, 0.16666666666667, 0.1, 0, 0.014101982116699, 1, 0, 0, 5, 0.16666666666667, 0.1, 0, 0.0054459571838379, '2019-01-27 17:32:59', '2019-01-27 17:32:59');

-- --------------------------------------------------------

--
-- Table structure for table `immunotherapy`
--

CREATE TABLE `immunotherapy` (
  `patient_id` int(11) NOT NULL,
  `sex` tinyint(4) NOT NULL,
  `age` int(11) NOT NULL,
  `time` float NOT NULL,
  `number_of_warts` int(11) NOT NULL,
  `type` tinyint(4) NOT NULL,
  `area` int(11) NOT NULL,
  `induration_diameter` int(11) NOT NULL,
  `result_of_treatment` int(11) NOT NULL,
  `created_at` timestamp NOT NULL DEFAULT CURRENT_TIMESTAMP,
  `updated_at` timestamp NOT NULL DEFAULT CURRENT_TIMESTAMP ON UPDATE CURRENT_TIMESTAMP
) ENGINE=InnoDB DEFAULT CHARSET=latin1;

--
-- Dumping data for table `immunotherapy`
--

INSERT INTO `immunotherapy` (`patient_id`, `sex`, `age`, `time`, `number_of_warts`, `type`, `area`, `induration_diameter`, `result_of_treatment`, `created_at`, `updated_at`) VALUES
(1, 1, 22, 2.25, 14, 3, 51, 50, 1, '2019-01-27 11:21:08', '2019-01-27 11:21:08'),
(2, 1, 15, 3, 2, 3, 900, 70, 1, '2019-01-27 11:21:08', '2019-01-27 11:21:08'),
(3, 1, 16, 10.5, 2, 1, 100, 25, 1, '2019-01-27 11:21:08', '2019-01-27 11:21:08'),
(4, 1, 27, 4.5, 9, 3, 80, 30, 1, '2019-01-27 11:21:08', '2019-01-27 11:21:08'),
(5, 1, 20, 8, 6, 1, 45, 8, 1, '2019-01-27 11:21:08', '2019-01-27 11:21:08'),
(6, 1, 15, 5, 3, 3, 84, 7, 1, '2019-01-27 11:21:08', '2019-01-27 11:21:08'),
(7, 1, 35, 9.75, 2, 2, 8, 6, 1, '2019-01-27 11:21:08', '2019-01-27 11:21:08'),
(8, 2, 28, 7.5, 4, 1, 9, 2, 1, '2019-01-27 11:21:08', '2019-01-27 11:21:08'),
(9, 2, 19, 6, 2, 1, 225, 8, 1, '2019-01-27 11:21:08', '2019-01-27 11:21:08'),
(10, 2, 32, 12, 6, 3, 35, 5, 0, '2019-01-27 11:21:08', '2019-01-27 11:21:08'),
(11, 2, 33, 6.25, 2, 1, 30, 3, 1, '2019-01-27 11:21:08', '2019-01-27 11:21:08'),
(12, 2, 17, 5.75, 12, 3, 25, 7, 1, '2019-01-27 11:21:08', '2019-01-27 11:21:08'),
(13, 2, 15, 1.75, 1, 2, 49, 7, 0, '2019-01-27 11:21:08', '2019-01-27 11:21:08'),
(14, 2, 15, 5.5, 12, 1, 48, 7, 1, '2019-01-27 11:21:08', '2019-01-27 11:21:08'),
(15, 2, 16, 10, 7, 1, 143, 6, 1, '2019-01-27 11:21:08', '2019-01-27 11:21:08'),
(16, 2, 33, 9.25, 2, 2, 150, 8, 1, '2019-01-27 11:21:08', '2019-01-27 11:21:08'),
(17, 2, 26, 7.75, 6, 2, 6, 5, 1, '2019-01-27 11:21:08', '2019-01-27 11:21:08'),
(18, 2, 23, 7.5, 10, 2, 43, 3, 1, '2019-01-27 11:21:08', '2019-01-27 11:21:08'),
(19, 2, 15, 6.5, 19, 1, 56, 7, 1, '2019-01-27 11:21:08', '2019-01-27 11:21:08'),
(20, 2, 26, 6.75, 2, 1, 6, 6, 1, '2019-01-27 11:21:08', '2019-01-27 11:21:08'),
(21, 1, 22, 1.25, 3, 3, 47, 3, 1, '2019-01-27 11:21:08', '2019-01-27 11:21:08'),
(22, 2, 19, 2.25, 2, 1, 60, 7, 1, '2019-01-27 11:21:08', '2019-01-27 11:21:08'),
(23, 2, 26, 10.5, 6, 1, 50, 9, 0, '2019-01-27 11:21:08', '2019-01-27 11:21:08'),
(24, 1, 25, 5.75, 2, 1, 300, 7, 1, '2019-01-27 11:21:08', '2019-01-27 11:21:08'),
(25, 2, 17, 11.25, 4, 3, 70, 7, 1, '2019-01-27 11:21:08', '2019-01-27 11:21:08'),
(26, 1, 27, 5, 2, 1, 20, 5, 1, '2019-01-27 11:21:08', '2019-01-27 11:21:08'),
(27, 2, 24, 4.75, 10, 3, 30, 45, 1, '2019-01-27 11:21:08', '2019-01-27 11:21:08'),
(28, 1, 15, 11, 6, 1, 30, 25, 0, '2019-01-27 11:21:08', '2019-01-27 11:21:08'),
(29, 2, 34, 11.5, 12, 1, 25, 50, 0, '2019-01-27 11:21:08', '2019-01-27 11:21:08'),
(30, 2, 20, 7.75, 18, 3, 45, 2, 1, '2019-01-27 11:21:08', '2019-01-27 11:21:08'),
(31, 2, 38, 2.5, 1, 3, 43, 50, 1, '2019-01-27 11:21:08', '2019-01-27 11:21:08'),
(32, 1, 23, 3, 2, 3, 87, 70, 1, '2019-01-27 11:21:08', '2019-01-27 11:21:08'),
(33, 2, 48, 10.25, 7, 1, 50, 25, 1, '2019-01-27 11:21:08', '2019-01-27 11:21:08'),
(34, 2, 24, 4.25, 1, 1, 174, 30, 1, '2019-01-27 11:21:08', '2019-01-27 11:21:08'),
(35, 2, 33, 8, 3, 1, 502, 8, 1, '2019-01-27 11:21:08', '2019-01-27 11:21:08'),
(36, 1, 34, 5, 7, 3, 64, 7, 0, '2019-01-27 11:21:08', '2019-01-27 11:21:08'),
(37, 2, 41, 11, 11, 2, 21, 6, 0, '2019-01-27 11:21:08', '2019-01-27 11:21:08'),
(38, 1, 29, 8.75, 3, 1, 504, 2, 1, '2019-01-27 11:21:08', '2019-01-27 11:21:08'),
(39, 2, 22, 8.5, 5, 1, 99, 8, 1, '2019-01-27 11:21:08', '2019-01-27 11:21:08'),
(40, 1, 45, 11.25, 4, 1, 72, 5, 0, '2019-01-27 11:21:08', '2019-01-27 11:21:08'),
(41, 2, 22, 8.25, 9, 1, 352, 3, 1, '2019-01-27 11:21:08', '2019-01-27 11:21:08'),
(42, 1, 35, 8.75, 10, 2, 69, 7, 1, '2019-01-27 11:21:08', '2019-01-27 11:21:08'),
(43, 2, 34, 8.5, 1, 2, 163, 7, 0, '2019-01-27 11:21:08', '2019-01-27 11:21:08'),
(44, 1, 49, 4.5, 2, 1, 33, 7, 0, '2019-01-27 11:21:08', '2019-01-27 11:21:08'),
(45, 2, 19, 11, 5, 2, 51, 6, 1, '2019-01-27 11:21:08', '2019-01-27 11:21:08'),
(46, 1, 21, 8, 3, 1, 17, 8, 1, '2019-01-27 11:21:08', '2019-01-27 11:21:08'),
(47, 1, 26, 7.75, 13, 2, 13, 5, 1, '2019-01-27 11:21:08', '2019-01-27 11:21:08'),
(48, 1, 51, 8.75, 2, 2, 57, 3, 1, '2019-01-27 11:21:08', '2019-01-27 11:21:08'),
(49, 1, 19, 7.75, 6, 1, 32, 7, 1, '2019-01-27 11:21:08', '2019-01-27 11:21:08'),
(50, 1, 38, 12, 14, 1, 87, 6, 0, '2019-01-27 11:21:08', '2019-01-27 11:21:08'),
(51, 2, 36, 1.75, 10, 3, 45, 3, 1, '2019-01-27 11:21:08', '2019-01-27 11:21:08'),
(52, 2, 52, 2.25, 5, 1, 63, 7, 1, '2019-01-27 11:21:08', '2019-01-27 11:21:08'),
(53, 2, 49, 9, 4, 2, 14, 9, 1, '2019-01-27 11:21:08', '2019-01-27 11:21:08'),
(54, 1, 23, 5.75, 2, 1, 43, 7, 1, '2019-01-27 11:21:08', '2019-01-27 11:21:08'),
(55, 1, 45, 10, 8, 1, 58, 7, 1, '2019-01-27 11:21:08', '2019-01-27 11:21:08'),
(56, 1, 54, 7.5, 13, 3, 43, 5, 1, '2019-01-27 11:21:08', '2019-01-27 11:21:08'),
(57, 2, 47, 5.25, 3, 3, 23, 45, 1, '2019-01-27 11:21:08', '2019-01-27 11:21:08'),
(58, 2, 53, 10, 1, 2, 30, 25, 1, '2019-01-27 11:21:08', '2019-01-27 11:21:08'),
(59, 2, 56, 11.75, 7, 1, 31, 50, 0, '2019-01-27 11:21:08', '2019-01-27 11:21:08'),
(60, 1, 27, 11.25, 3, 2, 37, 2, 1, '2019-01-27 11:21:08', '2019-01-27 11:21:08'),
(61, 2, 47, 3.75, 14, 2, 67, 50, 1, '2019-01-27 11:21:08', '2019-01-27 11:21:08'),
(62, 2, 19, 2.25, 8, 2, 42, 70, 1, '2019-01-27 11:21:08', '2019-01-27 11:21:08'),
(63, 2, 33, 8, 5, 1, 63, 25, 1, '2019-01-27 11:21:08', '2019-01-27 11:21:08'),
(64, 2, 15, 4, 12, 1, 72, 30, 1, '2019-01-27 11:21:08', '2019-01-27 11:21:08'),
(65, 1, 17, 8.5, 2, 1, 44, 8, 1, '2019-01-27 11:21:08', '2019-01-27 11:21:08'),
(66, 1, 29, 5, 12, 3, 75, 7, 1, '2019-01-27 11:21:08', '2019-01-27 11:21:08'),
(67, 1, 27, 11.75, 8, 1, 208, 6, 0, '2019-01-27 11:21:08', '2019-01-27 11:21:08'),
(68, 2, 51, 6, 6, 1, 80, 2, 1, '2019-01-27 11:21:08', '2019-01-27 11:21:08'),
(69, 1, 35, 6.75, 4, 3, 41, 8, 1, '2019-01-27 11:21:08', '2019-01-27 11:21:08'),
(70, 2, 47, 10.75, 8, 1, 57, 5, 0, '2019-01-27 11:21:08', '2019-01-27 11:21:08'),
(71, 1, 43, 8, 1, 1, 59, 3, 1, '2019-01-27 11:21:08', '2019-01-27 11:21:08'),
(72, 1, 15, 4, 4, 3, 25, 7, 1, '2019-01-27 11:21:08', '2019-01-27 11:21:08'),
(73, 1, 33, 1.75, 7, 2, 379, 7, 0, '2019-01-27 11:21:08', '2019-01-27 11:21:08'),
(74, 2, 51, 4, 1, 1, 65, 7, 1, '2019-01-27 11:21:08', '2019-01-27 11:21:08'),
(75, 1, 45, 6.5, 9, 2, 49, 6, 1, '2019-01-27 11:21:08', '2019-01-27 11:21:08'),
(76, 2, 47, 9.25, 13, 2, 367, 8, 1, '2019-01-27 11:21:08', '2019-01-27 11:21:08'),
(77, 1, 18, 11.75, 5, 2, 13, 5, 1, '2019-01-27 11:21:08', '2019-01-27 11:21:08'),
(78, 2, 46, 7.75, 8, 1, 40, 3, 1, '2019-01-27 11:21:08', '2019-01-27 11:21:08'),
(79, 1, 43, 11, 7, 1, 507, 7, 1, '2019-01-27 11:21:08', '2019-01-27 11:21:08'),
(80, 2, 28, 11, 3, 3, 91, 6, 0, '2019-01-27 11:21:08', '2019-01-27 11:21:08'),
(81, 1, 30, 1, 2, 1, 88, 3, 1, '2019-01-27 11:21:08', '2019-01-27 11:21:08'),
(82, 2, 16, 2, 11, 1, 47, 7, 1, '2019-01-27 11:21:08', '2019-01-27 11:21:08'),
(83, 2, 42, 8.75, 8, 2, 73, 9, 0, '2019-01-27 11:21:08', '2019-01-27 11:21:08'),
(84, 2, 15, 8, 1, 1, 55, 7, 1, '2019-01-27 11:21:08', '2019-01-27 11:21:08'),
(85, 2, 53, 7.25, 6, 1, 81, 7, 1, '2019-01-27 11:21:08', '2019-01-27 11:21:08'),
(86, 1, 40, 5.5, 8, 3, 69, 5, 1, '2019-01-27 11:21:08', '2019-01-27 11:21:08'),
(87, 1, 38, 7.5, 8, 2, 56, 45, 1, '2019-01-27 11:21:08', '2019-01-27 11:21:08'),
(88, 1, 46, 11.5, 4, 1, 91, 25, 0, '2019-01-27 11:21:08', '2019-01-27 11:21:08'),
(89, 1, 32, 12, 9, 1, 43, 50, 0, '2019-01-27 11:21:08', '2019-01-27 11:21:08'),
(90, 2, 23, 6.75, 6, 1, 19, 2, 1, '2019-01-27 11:21:08', '2019-01-27 11:21:08');

-- --------------------------------------------------------

--
-- Table structure for table `information_gain`
--

CREATE TABLE `information_gain` (
  `id` int(11) NOT NULL,
  `dataset_id` int(11) NOT NULL,
  `feature` varchar(255) NOT NULL,
  `gain` double NOT NULL,
  `created_at` timestamp NOT NULL DEFAULT CURRENT_TIMESTAMP,
  `updated_at` timestamp NOT NULL DEFAULT CURRENT_TIMESTAMP ON UPDATE CURRENT_TIMESTAMP
) ENGINE=InnoDB DEFAULT CHARSET=latin1;

--
-- Dumping data for table `information_gain`
--

INSERT INTO `information_gain` (`id`, `dataset_id`, `feature`, `gain`, `created_at`, `updated_at`) VALUES
(1, 1, 'type', 0.043291816065654, '2019-01-27 12:17:40', '2019-01-27 12:17:40'),
(2, 1, 'age', 0.0043290761790907, '2019-01-27 12:17:40', '2019-01-27 12:17:40'),
(3, 1, 'time', 0.0043290761790907, '2019-01-27 12:17:40', '2019-01-27 12:17:40'),
(4, 1, 'number_of_warts', 0.0043290761790907, '2019-01-27 12:17:40', '2019-01-27 12:17:40'),
(5, 1, 'area', 0.0043290761790907, '2019-01-27 12:17:40', '2019-01-27 12:17:40'),
(6, 1, 'sex', 0.0017259539495496, '2019-01-27 12:17:40', '2019-01-27 12:17:40'),
(7, 2, 'type', 0.13681082736991, '2019-01-27 12:17:40', '2019-01-27 12:17:40'),
(8, 2, 'sex', 0.0037189066924358, '2019-01-27 12:17:40', '2019-01-27 12:17:40'),
(9, 2, 'age', 0, '2019-01-27 12:17:40', '2019-01-27 12:17:40'),
(10, 2, 'time', 0, '2019-01-27 12:17:40', '2019-01-27 12:17:40'),
(11, 2, 'number_of_warts', 0, '2019-01-27 12:17:40', '2019-01-27 12:17:40'),
(12, 2, 'area', 0, '2019-01-27 12:17:40', '2019-01-27 12:17:40'),
(13, 3, 'age', 0.017517605128133, '2019-01-27 12:17:40', '2019-01-27 12:17:40'),
(14, 3, 'type', 0.0045698968182668, '2019-01-27 12:17:40', '2019-01-27 12:17:40'),
(15, 3, 'number_of_warts', 0.0026514344120573, '2019-01-27 12:17:40', '2019-01-27 12:17:40'),
(16, 3, 'area', 0.0026514344120573, '2019-01-27 12:17:40', '2019-01-27 12:17:40'),
(17, 3, 'sex', 0.00017704808827412, '2019-01-27 12:17:40', '2019-01-27 12:17:40'),
(18, 3, 'time', 0, '2019-01-27 12:17:40', '2019-01-27 12:17:40');

-- --------------------------------------------------------

--
-- Table structure for table `patients`
--

CREATE TABLE `patients` (
  `patient_id` int(11) NOT NULL,
  `sex` tinyint(4) NOT NULL,
  `age` int(11) NOT NULL,
  `time` float NOT NULL,
  `number_of_warts` int(11) NOT NULL,
  `type` tinyint(4) NOT NULL,
  `area` int(11) NOT NULL,
  `result_of_treatment` int(11) NOT NULL,
  `created_at` timestamp NOT NULL DEFAULT CURRENT_TIMESTAMP,
  `updated_at` timestamp NOT NULL DEFAULT CURRENT_TIMESTAMP ON UPDATE CURRENT_TIMESTAMP
) ENGINE=InnoDB DEFAULT CHARSET=latin1;

--
-- Dumping data for table `patients`
--

INSERT INTO `patients` (`patient_id`, `sex`, `age`, `time`, `number_of_warts`, `type`, `area`, `result_of_treatment`, `created_at`, `updated_at`) VALUES
(1, 2, 19, 9.5, 8, 1, 20, 1, '2019-01-24 08:35:21', '2019-01-24 08:35:21'),
(2, 1, 35, 8, 9, 1, 160, 1, '2019-01-24 08:35:21', '2019-01-24 08:35:21'),
(3, 1, 29, 7.25, 2, 1, 100, 1, '2019-01-24 08:35:21', '2019-01-24 08:35:21'),
(4, 2, 36, 7.75, 5, 2, 20, 1, '2019-01-24 08:35:21', '2019-01-24 08:35:21'),
(5, 1, 34, 4, 3, 1, 6, 1, '2019-01-24 08:35:21', '2019-01-24 08:35:21'),
(6, 1, 15, 10.5, 11, 1, 30, 1, '2019-01-24 08:35:21', '2019-01-24 08:35:21'),
(7, 2, 15, 2, 11, 1, 4, 1, '2019-01-24 08:35:21', '2019-01-24 08:35:21'),
(8, 1, 17, 2, 10, 3, 70, 1, '2019-01-24 08:35:21', '2019-01-24 08:35:21'),
(9, 1, 23, 5.75, 10, 1, 63, 1, '2019-01-24 08:35:21', '2019-01-24 08:35:21'),
(10, 1, 18, 5.5, 5, 1, 6, 1, '2019-01-24 08:35:21', '2019-01-24 08:35:21'),
(11, 2, 22, 4, 1, 1, 80, 1, '2019-01-24 08:35:21', '2019-01-24 08:35:21'),
(12, 1, 16, 4.5, 2, 1, 70, 1, '2019-01-24 08:35:21', '2019-01-24 08:35:21'),
(13, 2, 28, 11, 3, 2, 60, 1, '2019-01-24 08:35:21', '2019-01-24 08:35:21'),
(14, 1, 40, 5, 9, 1, 100, 1, '2019-01-24 08:35:21', '2019-01-24 08:35:21'),
(15, 2, 34, 0.25, 10, 1, 115, 1, '2019-01-24 08:35:21', '2019-01-24 08:35:21'),
(16, 2, 35, 3.5, 6, 1, 75, 1, '2019-01-24 08:35:21', '2019-01-24 08:35:21'),
(17, 1, 19, 10.75, 10, 1, 20, 1, '2019-01-24 08:35:21', '2019-01-24 08:35:21'),
(18, 2, 26, 6.75, 2, 1, 6, 2, '2019-01-24 08:35:21', '2019-01-24 08:35:21'),
(19, 1, 22, 1.25, 3, 3, 47, 2, '2019-01-24 08:35:21', '2019-01-24 08:35:21'),
(20, 2, 19, 2.25, 2, 1, 60, 2, '2019-01-24 08:35:21', '2019-01-24 08:35:21'),
(21, 1, 25, 5.75, 2, 1, 300, 2, '2019-01-24 08:35:21', '2019-01-24 08:35:21'),
(22, 2, 17, 11.25, 4, 3, 70, 2, '2019-01-24 08:35:21', '2019-01-24 08:35:21'),
(23, 1, 27, 5, 2, 1, 20, 2, '2019-01-24 08:35:21', '2019-01-24 08:35:21'),
(24, 2, 24, 4.75, 10, 3, 30, 2, '2019-01-24 08:35:21', '2019-01-24 08:35:21'),
(25, 2, 20, 7.75, 18, 3, 45, 2, '2019-01-24 08:35:21', '2019-01-24 08:35:21'),
(26, 2, 38, 2.5, 1, 3, 43, 2, '2019-01-24 08:35:21', '2019-01-24 08:35:21'),
(27, 1, 23, 3, 2, 3, 87, 2, '2019-01-24 08:35:21', '2019-01-24 08:35:21'),
(28, 2, 48, 10.25, 7, 1, 50, 2, '2019-01-24 08:35:21', '2019-01-24 08:35:21'),
(29, 2, 24, 4.25, 1, 1, 174, 2, '2019-01-24 08:35:21', '2019-01-24 08:35:21'),
(30, 2, 33, 8, 3, 1, 502, 2, '2019-01-24 08:35:21', '2019-01-24 08:35:21'),
(31, 1, 29, 8.75, 3, 1, 504, 2, '2019-01-24 08:35:21', '2019-01-24 08:35:21'),
(32, 2, 22, 8.5, 5, 1, 99, 2, '2019-01-24 08:35:21', '2019-01-24 08:35:21'),
(33, 2, 22, 8.25, 9, 1, 352, 2, '2019-01-24 08:35:21', '2019-01-24 08:35:21'),
(34, 1, 35, 8.75, 10, 2, 69, 2, '2019-01-24 08:35:21', '2019-01-24 08:35:21'),
(35, 2, 15, 3.75, 2, 3, 70, 1, '2019-01-24 08:35:21', '2019-01-24 08:35:21'),
(36, 2, 17, 5.25, 3, 1, 63, 1, '2019-01-24 08:35:21', '2019-01-24 08:35:21'),
(37, 2, 15, 4.25, 1, 1, 6, 1, '2019-01-24 08:35:21', '2019-01-24 08:35:21'),
(38, 2, 18, 5.75, 1, 1, 80, 1, '2019-01-24 08:35:21', '2019-01-24 08:35:21'),
(39, 1, 22, 5.5, 2, 1, 70, 1, '2019-01-24 08:35:21', '2019-01-24 08:35:21'),
(40, 2, 16, 8.5, 1, 2, 60, 1, '2019-01-24 08:35:21', '2019-01-24 08:35:21'),
(41, 1, 28, 4.75, 3, 1, 100, 1, '2019-01-24 08:35:21', '2019-01-24 08:35:21'),
(42, 1, 30, 2.5, 2, 1, 115, 1, '2019-01-24 08:35:21', '2019-01-24 08:35:21'),
(43, 1, 20, 0.5, 2, 1, 75, 1, '2019-01-24 08:35:21', '2019-01-24 08:35:21'),
(44, 2, 19, 8.75, 6, 1, 160, 1, '2019-01-24 08:35:21', '2019-01-24 08:35:21'),
(45, 1, 35, 9.25, 9, 1, 100, 1, '2019-01-24 08:35:21', '2019-01-24 08:35:21'),
(46, 1, 29, 7.25, 6, 1, 96, 1, '2019-01-24 08:35:21', '2019-01-24 08:35:21'),
(47, 2, 41, 10.5, 2, 2, 20, 1, '2019-01-24 08:35:21', '2019-01-24 08:35:21'),
(48, 1, 20, 5, 3, 1, 6, 1, '2019-01-24 08:35:21', '2019-01-24 08:35:21'),
(49, 2, 15, 8, 12, 1, 30, 1, '2019-01-24 08:35:21', '2019-01-24 08:35:21'),
(50, 1, 15, 3.5, 2, 1, 4, 1, '2019-01-24 08:35:21', '2019-01-24 08:35:21'),
(51, 2, 33, 8, 5, 1, 63, 2, '2019-01-24 08:35:21', '2019-01-24 08:35:21'),
(52, 2, 15, 4, 12, 1, 72, 2, '2019-01-24 08:35:21', '2019-01-24 08:35:21'),
(53, 1, 17, 8.5, 2, 1, 44, 2, '2019-01-24 08:35:21', '2019-01-24 08:35:21'),
(54, 1, 29, 5, 12, 3, 75, 2, '2019-01-24 08:35:21', '2019-01-24 08:35:21'),
(55, 2, 51, 6, 6, 1, 80, 2, '2019-01-24 08:35:21', '2019-01-24 08:35:21'),
(56, 1, 35, 6.75, 4, 3, 41, 2, '2019-01-24 08:35:21', '2019-01-24 08:35:21'),
(57, 1, 43, 8, 1, 1, 59, 2, '2019-01-24 08:35:21', '2019-01-24 08:35:21'),
(58, 1, 15, 4, 4, 3, 25, 2, '2019-01-24 08:35:21', '2019-01-24 08:35:21'),
(59, 2, 51, 4, 1, 1, 65, 2, '2019-01-24 08:35:21', '2019-01-24 08:35:21'),
(60, 1, 45, 6.5, 9, 2, 49, 2, '2019-01-24 08:35:21', '2019-01-24 08:35:21'),
(61, 2, 47, 9.25, 13, 2, 367, 2, '2019-01-24 08:35:21', '2019-01-24 08:35:21'),
(62, 1, 18, 11.75, 5, 2, 13, 2, '2019-01-24 08:35:21', '2019-01-24 08:35:21'),
(63, 2, 46, 7.75, 8, 1, 40, 2, '2019-01-24 08:35:21', '2019-01-24 08:35:21'),
(64, 1, 43, 11, 7, 1, 507, 2, '2019-01-24 08:35:21', '2019-01-24 08:35:21'),
(65, 1, 30, 1, 2, 1, 88, 2, '2019-01-24 08:35:21', '2019-01-24 08:35:21'),
(66, 2, 16, 2, 11, 1, 47, 2, '2019-01-24 08:35:21', '2019-01-24 08:35:21'),
(67, 2, 15, 8, 1, 1, 55, 2, '2019-01-24 08:35:21', '2019-01-24 08:35:21'),
(68, 2, 53, 7.25, 6, 1, 81, 2, '2019-01-24 08:35:21', '2019-01-24 08:35:21'),
(69, 1, 40, 5.5, 8, 3, 69, 2, '2019-01-24 08:35:21', '2019-01-24 08:35:21'),
(70, 1, 38, 7.5, 8, 2, 56, 2, '2019-01-24 08:35:21', '2019-01-24 08:35:21'),
(71, 2, 23, 6.75, 6, 1, 19, 2, '2019-01-24 08:35:21', '2019-01-24 08:35:21'),
(72, 1, 29, 7, 5, 1, 96, 1, '2019-01-24 08:35:21', '2019-01-24 08:35:21'),
(73, 1, 41, 8, 2, 2, 20, 1, '2019-01-24 08:35:21', '2019-01-24 08:35:21'),
(74, 1, 20, 4.5, 12, 1, 6, 1, '2019-01-24 08:35:21', '2019-01-24 08:35:21'),
(75, 2, 15, 6, 2, 1, 30, 1, '2019-01-24 08:35:21', '2019-01-24 08:35:21'),
(76, 2, 15, 2, 3, 1, 4, 1, '2019-01-24 08:35:21', '2019-01-24 08:35:21'),
(77, 2, 19, 11, 5, 2, 51, 2, '2019-01-24 08:35:21', '2019-01-24 08:35:21'),
(78, 1, 21, 8, 3, 1, 17, 2, '2019-01-24 08:35:21', '2019-01-24 08:35:21'),
(79, 1, 26, 7.75, 13, 2, 13, 2, '2019-01-24 08:35:21', '2019-01-24 08:35:21'),
(80, 1, 51, 8.75, 2, 2, 57, 2, '2019-01-24 08:35:21', '2019-01-24 08:35:21'),
(81, 1, 19, 7.75, 6, 1, 32, 2, '2019-01-24 08:35:21', '2019-01-24 08:35:21'),
(82, 2, 36, 1.75, 10, 3, 45, 2, '2019-01-24 08:35:21', '2019-01-24 08:35:21'),
(83, 2, 52, 2.25, 5, 1, 63, 2, '2019-01-24 08:35:21', '2019-01-24 08:35:21'),
(84, 2, 49, 9, 4, 2, 14, 2, '2019-01-24 08:35:21', '2019-01-24 08:35:21'),
(85, 1, 23, 5.75, 2, 1, 43, 2, '2019-01-24 08:35:21', '2019-01-24 08:35:21'),
(86, 1, 45, 10, 8, 1, 58, 2, '2019-01-24 08:35:21', '2019-01-24 08:35:21'),
(87, 1, 54, 7.5, 13, 3, 43, 2, '2019-01-24 08:35:21', '2019-01-24 08:35:21'),
(88, 2, 47, 5.25, 3, 3, 23, 2, '2019-01-24 08:35:21', '2019-01-24 08:35:21'),
(89, 2, 53, 10, 1, 2, 30, 2, '2019-01-24 08:35:21', '2019-01-24 08:35:21'),
(90, 1, 27, 11.25, 3, 2, 37, 2, '2019-01-24 08:35:21', '2019-01-24 08:35:21'),
(91, 2, 47, 3.75, 14, 2, 67, 2, '2019-01-24 08:35:21', '2019-01-24 08:35:21'),
(92, 2, 19, 2.25, 8, 2, 42, 2, '2019-01-24 08:35:21', '2019-01-24 08:35:21'),
(93, 2, 15, 1.5, 12, 3, 70, 1, '2019-01-24 08:35:21', '2019-01-24 08:35:21'),
(94, 1, 17, 5.25, 4, 1, 63, 1, '2019-01-24 08:35:21', '2019-01-24 08:35:21'),
(95, 2, 18, 4, 7, 1, 6, 1, '2019-01-24 08:35:21', '2019-01-24 08:35:21'),
(96, 2, 22, 4.5, 8, 1, 80, 1, '2019-01-24 08:35:21', '2019-01-24 08:35:21'),
(97, 1, 16, 5, 9, 1, 70, 1, '2019-01-24 08:35:21', '2019-01-24 08:35:21'),
(98, 2, 28, 10.25, 3, 2, 60, 1, '2019-01-24 08:35:21', '2019-01-24 08:35:21'),
(99, 2, 40, 4, 11, 1, 100, 1, '2019-01-24 08:35:21', '2019-01-24 08:35:21'),
(100, 1, 34, 0.5, 8, 3, 115, 1, '2019-01-24 08:35:21', '2019-01-24 08:35:21'),
(101, 2, 35, 3.75, 11, 1, 75, 1, '2019-01-24 08:35:21', '2019-01-24 08:35:21'),
(102, 1, 22, 2.25, 14, 3, 51, 2, '2019-01-24 08:35:21', '2019-01-24 08:35:21'),
(103, 1, 15, 3, 2, 3, 900, 2, '2019-01-24 08:35:21', '2019-01-24 08:35:21'),
(104, 1, 16, 10.5, 2, 1, 100, 2, '2019-01-24 08:35:21', '2019-01-24 08:35:21'),
(105, 1, 27, 4.5, 9, 3, 80, 2, '2019-01-24 08:35:21', '2019-01-24 08:35:21'),
(106, 1, 20, 8, 6, 1, 45, 2, '2019-01-24 08:35:21', '2019-01-24 08:35:21'),
(107, 1, 15, 5, 3, 3, 84, 2, '2019-01-24 08:35:21', '2019-01-24 08:35:21'),
(108, 1, 35, 9.75, 2, 2, 8, 2, '2019-01-24 08:35:21', '2019-01-24 08:35:21'),
(109, 2, 28, 7.5, 4, 1, 9, 2, '2019-01-24 08:35:21', '2019-01-24 08:35:21'),
(110, 2, 19, 6, 2, 1, 225, 2, '2019-01-24 08:35:21', '2019-01-24 08:35:21'),
(111, 2, 33, 6.25, 2, 1, 30, 2, '2019-01-24 08:35:21', '2019-01-24 08:35:21'),
(112, 2, 17, 5.75, 12, 3, 25, 2, '2019-01-24 08:35:21', '2019-01-24 08:35:21'),
(113, 2, 15, 5.5, 12, 1, 48, 2, '2019-01-24 08:35:21', '2019-01-24 08:35:21'),
(114, 2, 16, 10, 7, 1, 143, 2, '2019-01-24 08:35:21', '2019-01-24 08:35:21'),
(115, 2, 33, 9.25, 2, 2, 150, 2, '2019-01-24 08:35:21', '2019-01-24 08:35:21'),
(116, 2, 26, 7.75, 6, 2, 6, 2, '2019-01-24 08:35:21', '2019-01-24 08:35:21'),
(117, 2, 23, 7.5, 10, 2, 43, 2, '2019-01-24 08:35:21', '2019-01-24 08:35:21'),
(118, 2, 15, 6.5, 19, 1, 56, 2, '2019-01-24 08:35:21', '2019-01-24 08:35:21');

--
-- Indexes for dumped tables
--

--
-- Indexes for table `cyrotherapy`
--
ALTER TABLE `cyrotherapy`
  ADD PRIMARY KEY (`patient_id`);

--
-- Indexes for table `dataset_type`
--
ALTER TABLE `dataset_type`
  ADD PRIMARY KEY (`id`);

--
-- Indexes for table `experiments`
--
ALTER TABLE `experiments`
  ADD PRIMARY KEY (`experiment_id`);

--
-- Indexes for table `experiment_details`
--
ALTER TABLE `experiment_details`
  ADD PRIMARY KEY (`detail_id`),
  ADD KEY `experiment_id` (`experiment_id`);

--
-- Indexes for table `immunotherapy`
--
ALTER TABLE `immunotherapy`
  ADD PRIMARY KEY (`patient_id`);

--
-- Indexes for table `information_gain`
--
ALTER TABLE `information_gain`
  ADD PRIMARY KEY (`id`);

--
-- Indexes for table `patients`
--
ALTER TABLE `patients`
  ADD PRIMARY KEY (`patient_id`);

--
-- AUTO_INCREMENT for dumped tables
--

--
-- AUTO_INCREMENT for table `cyrotherapy`
--
ALTER TABLE `cyrotherapy`
  MODIFY `patient_id` int(11) NOT NULL AUTO_INCREMENT, AUTO_INCREMENT=91;

--
-- AUTO_INCREMENT for table `dataset_type`
--
ALTER TABLE `dataset_type`
  MODIFY `id` int(11) NOT NULL AUTO_INCREMENT, AUTO_INCREMENT=4;

--
-- AUTO_INCREMENT for table `experiments`
--
ALTER TABLE `experiments`
  MODIFY `experiment_id` int(11) NOT NULL AUTO_INCREMENT, AUTO_INCREMENT=4;

--
-- AUTO_INCREMENT for table `experiment_details`
--
ALTER TABLE `experiment_details`
  MODIFY `detail_id` int(11) NOT NULL AUTO_INCREMENT, AUTO_INCREMENT=11;

--
-- AUTO_INCREMENT for table `immunotherapy`
--
ALTER TABLE `immunotherapy`
  MODIFY `patient_id` int(11) NOT NULL AUTO_INCREMENT, AUTO_INCREMENT=91;

--
-- AUTO_INCREMENT for table `information_gain`
--
ALTER TABLE `information_gain`
  MODIFY `id` int(11) NOT NULL AUTO_INCREMENT, AUTO_INCREMENT=19;

--
-- AUTO_INCREMENT for table `patients`
--
ALTER TABLE `patients`
  MODIFY `patient_id` int(11) NOT NULL AUTO_INCREMENT, AUTO_INCREMENT=119;

--
-- Constraints for dumped tables
--

--
-- Constraints for table `experiment_details`
--
ALTER TABLE `experiment_details`
  ADD CONSTRAINT `experiment_details_ibfk_1` FOREIGN KEY (`experiment_id`) REFERENCES `experiments` (`experiment_id`) ON DELETE CASCADE ON UPDATE CASCADE;
COMMIT;

/*!40101 SET CHARACTER_SET_CLIENT=@OLD_CHARACTER_SET_CLIENT */;
/*!40101 SET CHARACTER_SET_RESULTS=@OLD_CHARACTER_SET_RESULTS */;
/*!40101 SET COLLATION_CONNECTION=@OLD_COLLATION_CONNECTION */;
