-- phpMyAdmin SQL Dump
-- version 4.7.4
-- https://www.phpmyadmin.net/
--
-- Host: 127.0.0.1
-- Generation Time: 02 Apr 2019 pada 22.04
-- Versi Server: 10.1.28-MariaDB
-- PHP Version: 7.1.11

SET SQL_MODE = "NO_AUTO_VALUE_ON_ZERO";
SET AUTOCOMMIT = 0;
START TRANSACTION;
SET time_zone = "+00:00";


/*!40101 SET @OLD_CHARACTER_SET_CLIENT=@@CHARACTER_SET_CLIENT */;
/*!40101 SET @OLD_CHARACTER_SET_RESULTS=@@CHARACTER_SET_RESULTS */;
/*!40101 SET @OLD_COLLATION_CONNECTION=@@COLLATION_CONNECTION */;
/*!40101 SET NAMES utf8mb4 */;

--
-- Database: `db_knnig2`
--

-- --------------------------------------------------------

--
-- Struktur dari tabel `cyrotherapy`
--

CREATE TABLE `cyrotherapy` (
  `patient_id` int(11) NOT NULL,
  `sex` tinyint(4) NOT NULL,
  `age` int(11) NOT NULL,
  `time` float NOT NULL,
  `number_of_warts` int(11) NOT NULL,
  `type` tinyint(4) NOT NULL,
  `area` int(11) NOT NULL,
  `result_of_treatment` int(11) NOT NULL,
  `created_at` timestamp NOT NULL DEFAULT CURRENT_TIMESTAMP,
  `updated_at` timestamp NOT NULL DEFAULT CURRENT_TIMESTAMP ON UPDATE CURRENT_TIMESTAMP
) ENGINE=InnoDB DEFAULT CHARSET=latin1;

--
-- Dumping data untuk tabel `cyrotherapy`
--

INSERT INTO `cyrotherapy` (`patient_id`, `sex`, `age`, `time`, `number_of_warts`, `type`, `area`, `result_of_treatment`, `created_at`, `updated_at`) VALUES
(1, 1, 35, 12, 5, 1, 100, 0, '2019-02-09 12:35:12', '2019-02-09 12:35:12'),
(2, 1, 29, 7, 5, 1, 96, 1, '2019-02-09 12:35:12', '2019-02-09 12:35:12'),
(3, 1, 50, 8, 1, 3, 132, 0, '2019-02-09 12:35:12', '2019-02-09 12:35:12'),
(4, 1, 32, 11.75, 7, 3, 750, 0, '2019-02-09 12:35:12', '2019-02-09 12:35:12'),
(5, 1, 67, 9.25, 1, 1, 42, 0, '2019-02-09 12:35:12', '2019-02-09 12:35:12'),
(6, 1, 41, 8, 2, 2, 20, 1, '2019-02-09 12:35:12', '2019-02-09 12:35:12'),
(7, 1, 36, 11, 2, 1, 8, 0, '2019-02-09 12:35:12', '2019-02-09 12:35:12'),
(8, 1, 59, 3.5, 3, 3, 20, 0, '2019-02-09 12:35:12', '2019-02-09 12:35:12'),
(9, 1, 20, 4.5, 12, 1, 6, 1, '2019-02-09 12:35:12', '2019-02-09 12:35:12'),
(10, 2, 34, 11.25, 3, 3, 150, 0, '2019-02-09 12:35:12', '2019-02-09 12:35:12'),
(11, 2, 21, 10.75, 5, 1, 35, 0, '2019-02-09 12:35:12', '2019-02-09 12:35:12'),
(12, 2, 15, 6, 2, 1, 30, 1, '2019-02-09 12:35:12', '2019-02-09 12:35:12'),
(13, 2, 15, 2, 3, 1, 4, 1, '2019-02-09 12:35:12', '2019-02-09 12:35:12'),
(14, 2, 15, 3.75, 2, 3, 70, 1, '2019-02-09 12:35:12', '2019-02-09 12:35:12'),
(15, 2, 17, 11, 2, 1, 10, 0, '2019-02-09 12:35:12', '2019-02-09 12:35:12'),
(16, 2, 17, 5.25, 3, 1, 63, 1, '2019-02-09 12:35:12', '2019-02-09 12:35:12'),
(17, 2, 23, 11.75, 12, 3, 72, 0, '2019-02-09 12:35:12', '2019-02-09 12:35:12'),
(18, 2, 27, 8.75, 2, 1, 6, 0, '2019-02-09 12:35:12', '2019-02-09 12:35:12'),
(19, 2, 15, 4.25, 1, 1, 6, 1, '2019-02-09 12:35:12', '2019-02-09 12:35:12'),
(20, 2, 18, 5.75, 1, 1, 80, 1, '2019-02-09 12:35:12', '2019-02-09 12:35:12'),
(21, 1, 22, 5.5, 2, 1, 70, 1, '2019-02-09 12:35:12', '2019-02-09 12:35:12'),
(22, 2, 16, 8.5, 1, 2, 60, 1, '2019-02-09 12:35:12', '2019-02-09 12:35:12'),
(23, 1, 28, 4.75, 3, 1, 100, 1, '2019-02-09 12:35:12', '2019-02-09 12:35:12'),
(24, 2, 40, 9.75, 1, 2, 80, 0, '2019-02-09 12:35:12', '2019-02-09 12:35:12'),
(25, 1, 30, 2.5, 2, 1, 115, 1, '2019-02-09 12:35:12', '2019-02-09 12:35:12'),
(26, 2, 34, 12, 3, 3, 95, 0, '2019-02-09 12:35:12', '2019-02-09 12:35:12'),
(27, 1, 20, 0.5, 2, 1, 75, 1, '2019-02-09 12:35:12', '2019-02-09 12:35:12'),
(28, 2, 35, 12, 5, 3, 100, 0, '2019-02-09 12:35:12', '2019-02-09 12:35:12'),
(29, 2, 24, 9.5, 3, 3, 20, 0, '2019-02-09 12:35:12', '2019-02-09 12:35:12'),
(30, 2, 19, 8.75, 6, 1, 160, 1, '2019-02-09 12:35:12', '2019-02-09 12:35:12'),
(31, 1, 35, 9.25, 9, 1, 100, 1, '2019-02-09 12:35:12', '2019-02-09 12:35:12'),
(32, 1, 29, 7.25, 6, 1, 96, 1, '2019-02-09 12:35:12', '2019-02-09 12:35:12'),
(33, 1, 50, 8.75, 11, 3, 132, 0, '2019-02-09 12:35:12', '2019-02-09 12:35:12'),
(34, 2, 32, 12, 4, 3, 750, 0, '2019-02-09 12:35:12', '2019-02-09 12:35:12'),
(35, 2, 67, 12, 12, 3, 42, 0, '2019-02-09 12:35:12', '2019-02-09 12:35:12'),
(36, 2, 41, 10.5, 2, 2, 20, 1, '2019-02-09 12:35:12', '2019-02-09 12:35:12'),
(37, 2, 36, 11, 6, 1, 8, 0, '2019-02-09 12:35:12', '2019-02-09 12:35:12'),
(38, 1, 63, 2.75, 3, 3, 20, 0, '2019-02-09 12:35:12', '2019-02-09 12:35:12'),
(39, 1, 20, 5, 3, 1, 6, 1, '2019-02-09 12:35:12', '2019-02-09 12:35:12'),
(40, 1, 34, 12, 1, 3, 150, 0, '2019-02-09 12:35:12', '2019-02-09 12:35:12'),
(41, 2, 21, 10.5, 5, 1, 35, 0, '2019-02-09 12:35:12', '2019-02-09 12:35:12'),
(42, 2, 15, 8, 12, 1, 30, 1, '2019-02-09 12:35:12', '2019-02-09 12:35:12'),
(43, 1, 15, 3.5, 2, 1, 4, 1, '2019-02-09 12:35:12', '2019-02-09 12:35:12'),
(44, 2, 15, 1.5, 12, 3, 70, 1, '2019-02-09 12:35:12', '2019-02-09 12:35:12'),
(45, 1, 17, 11.5, 2, 1, 10, 0, '2019-02-09 12:35:12', '2019-02-09 12:35:12'),
(46, 1, 17, 5.25, 4, 1, 63, 1, '2019-02-09 12:35:12', '2019-02-09 12:35:12'),
(47, 2, 23, 9.5, 5, 3, 72, 0, '2019-02-09 12:35:12', '2019-02-09 12:35:12'),
(48, 1, 27, 10, 5, 1, 6, 0, '2019-02-09 12:35:12', '2019-02-09 12:35:12'),
(49, 1, 15, 4, 7, 1, 6, 1, '2019-02-09 12:35:12', '2019-02-09 12:35:12'),
(50, 2, 18, 4.5, 8, 1, 80, 1, '2019-02-09 12:35:12', '2019-02-09 12:35:12'),
(51, 2, 22, 5, 9, 1, 70, 1, '2019-02-09 12:35:12', '2019-02-09 12:35:12'),
(52, 1, 16, 10.25, 3, 2, 60, 1, '2019-02-09 12:35:12', '2019-02-09 12:35:12'),
(53, 2, 28, 4, 11, 1, 100, 1, '2019-02-09 12:35:12', '2019-02-09 12:35:12'),
(54, 2, 40, 8.75, 6, 2, 80, 0, '2019-02-09 12:35:12', '2019-02-09 12:35:12'),
(55, 2, 30, 0.5, 8, 3, 115, 1, '2019-02-09 12:35:12', '2019-02-09 12:35:12'),
(56, 1, 34, 10.75, 1, 3, 95, 0, '2019-02-09 12:35:12', '2019-02-09 12:35:12'),
(57, 1, 20, 3.75, 11, 1, 75, 1, '2019-02-09 12:35:12', '2019-02-09 12:35:12'),
(58, 2, 35, 8.5, 6, 3, 100, 0, '2019-02-09 12:35:12', '2019-02-09 12:35:12'),
(59, 1, 24, 9.5, 8, 1, 20, 1, '2019-02-09 12:35:12', '2019-02-09 12:35:12'),
(60, 2, 19, 8, 9, 1, 160, 1, '2019-02-09 12:35:12', '2019-02-09 12:35:12'),
(61, 1, 35, 7.25, 2, 1, 100, 1, '2019-02-09 12:35:12', '2019-02-09 12:35:12'),
(62, 1, 29, 11.75, 5, 1, 96, 0, '2019-02-09 12:35:12', '2019-02-09 12:35:12'),
(63, 2, 50, 9.5, 4, 3, 132, 0, '2019-02-09 12:35:12', '2019-02-09 12:35:12'),
(64, 2, 32, 12, 12, 3, 750, 0, '2019-02-09 12:35:12', '2019-02-09 12:35:12'),
(65, 1, 67, 10, 7, 1, 42, 0, '2019-02-09 12:35:12', '2019-02-09 12:35:12'),
(66, 2, 41, 7.75, 5, 2, 20, 1, '2019-02-09 12:35:12', '2019-02-09 12:35:12'),
(67, 2, 36, 10.5, 4, 1, 8, 0, '2019-02-09 12:35:12', '2019-02-09 12:35:12'),
(68, 1, 67, 3.75, 11, 3, 20, 0, '2019-02-09 12:35:12', '2019-02-09 12:35:12'),
(69, 1, 20, 4, 3, 1, 6, 1, '2019-02-09 12:35:12', '2019-02-09 12:35:12'),
(70, 1, 34, 11.25, 1, 3, 150, 0, '2019-02-09 12:35:12', '2019-02-09 12:35:12'),
(71, 2, 21, 10.75, 7, 1, 35, 0, '2019-02-09 12:35:12', '2019-02-09 12:35:12'),
(72, 1, 15, 10.5, 11, 1, 30, 1, '2019-02-09 12:35:12', '2019-02-09 12:35:12'),
(73, 1, 15, 2, 11, 1, 4, 1, '2019-02-09 12:35:12', '2019-02-09 12:35:12'),
(74, 2, 15, 2, 10, 3, 70, 1, '2019-02-09 12:35:12', '2019-02-09 12:35:12'),
(75, 1, 17, 9.25, 12, 1, 10, 0, '2019-02-09 12:35:12', '2019-02-09 12:35:12'),
(76, 1, 17, 5.75, 10, 1, 63, 1, '2019-02-09 12:35:12', '2019-02-09 12:35:12'),
(77, 1, 23, 10.25, 7, 3, 72, 0, '2019-02-09 12:35:12', '2019-02-09 12:35:12'),
(78, 1, 27, 10.5, 7, 1, 6, 0, '2019-02-09 12:35:12', '2019-02-09 12:35:12'),
(79, 1, 15, 5.5, 5, 1, 6, 1, '2019-02-09 12:35:12', '2019-02-09 12:35:12'),
(80, 1, 18, 4, 1, 1, 80, 1, '2019-02-09 12:35:12', '2019-02-09 12:35:12'),
(81, 2, 22, 4.5, 2, 1, 70, 1, '2019-02-09 12:35:12', '2019-02-09 12:35:12'),
(82, 1, 16, 11, 3, 2, 60, 1, '2019-02-09 12:35:12', '2019-02-09 12:35:12'),
(83, 2, 28, 5, 9, 1, 100, 1, '2019-02-09 12:35:12', '2019-02-09 12:35:12'),
(84, 1, 40, 11.5, 9, 2, 80, 0, '2019-02-09 12:35:12', '2019-02-09 12:35:12'),
(85, 1, 30, 0.25, 10, 1, 115, 1, '2019-02-09 12:35:12', '2019-02-09 12:35:12'),
(86, 2, 34, 12, 3, 3, 95, 0, '2019-02-09 12:35:12', '2019-02-09 12:35:12'),
(87, 2, 20, 3.5, 6, 1, 75, 1, '2019-02-09 12:35:12', '2019-02-09 12:35:12'),
(88, 2, 35, 8.25, 8, 3, 100, 0, '2019-02-09 12:35:12', '2019-02-09 12:35:12'),
(89, 1, 24, 10.75, 10, 1, 20, 1, '2019-02-09 12:35:12', '2019-02-09 12:35:12'),
(90, 1, 19, 8, 8, 1, 160, 1, '2019-02-09 12:35:12', '2019-02-09 12:35:12');

-- --------------------------------------------------------

--
-- Struktur dari tabel `dataset_type`
--

CREATE TABLE `dataset_type` (
  `id` int(11) NOT NULL,
  `type` varchar(255) NOT NULL,
  `created_at` timestamp NOT NULL DEFAULT CURRENT_TIMESTAMP,
  `updated_at` timestamp NOT NULL DEFAULT CURRENT_TIMESTAMP ON UPDATE CURRENT_TIMESTAMP
) ENGINE=InnoDB DEFAULT CHARSET=latin1;

--
-- Dumping data untuk tabel `dataset_type`
--

INSERT INTO `dataset_type` (`id`, `type`, `created_at`, `updated_at`) VALUES
(1, 'gabungan', '2019-01-24 13:35:17', '2019-01-24 13:35:17'),
(2, 'cyrotherapy', '2019-01-24 13:35:17', '2019-01-24 13:35:17'),
(3, 'immunotherapy', '2019-01-24 13:35:31', '2019-01-24 13:35:31');

-- --------------------------------------------------------

--
-- Struktur dari tabel `experiments`
--

CREATE TABLE `experiments` (
  `experiment_id` int(11) NOT NULL,
  `dataset_id` int(11) NOT NULL,
  `type` enum('KNN','IGR - KNN') NOT NULL DEFAULT 'KNN',
  `created_at` timestamp NOT NULL DEFAULT CURRENT_TIMESTAMP,
  `number_of_folds` int(11) NOT NULL,
  `number_of_neighbors` int(11) NOT NULL,
  `thresholds` double NOT NULL,
  `updated_at` timestamp NOT NULL DEFAULT CURRENT_TIMESTAMP ON UPDATE CURRENT_TIMESTAMP
) ENGINE=InnoDB DEFAULT CHARSET=latin1;

--
-- Dumping data untuk tabel `experiments`
--

INSERT INTO `experiments` (`experiment_id`, `dataset_id`, `type`, `created_at`, `number_of_folds`, `number_of_neighbors`, `thresholds`, `updated_at`) VALUES
(1, 2, 'KNN', '2019-01-27 17:31:46', 10, 5, 0.0037189066924358, '2019-01-27 17:31:46'),
(2, 2, 'KNN', '2019-01-27 17:32:14', 10, 5, 0.0037189066924358, '2019-01-27 17:32:14'),
(3, 3, 'KNN', '2019-01-27 17:32:59', 10, 5, 0.0037189066924358, '2019-01-27 17:32:59'),
(4, 1, 'KNN', '2019-02-06 04:13:27', 10, 1, 0.002, '2019-02-06 04:13:27'),
(5, 1, 'KNN', '2019-02-08 04:44:27', 10, 1, 0.0002, '2019-02-08 04:44:27'),
(6, 1, 'KNN', '2019-02-08 04:50:02', 10, 1, 0.002, '2019-02-08 04:50:02'),
(7, 1, 'KNN', '2019-02-08 19:54:22', 10, 1, 0.002, '2019-02-08 19:54:22'),
(8, 1, 'KNN', '2019-02-09 10:08:57', 10, 1, 0.0002, '2019-02-09 10:08:57'),
(9, 1, 'KNN', '2019-02-09 10:35:25', 10, 1, 0, '2019-02-09 10:35:25'),
(10, 1, 'IGR - KNN', '2019-02-09 10:35:43', 10, 1, 0.0002, '2019-02-09 10:35:43'),
(11, 1, 'IGR - KNN', '2019-02-09 10:35:59', 10, 1, 0.002, '2019-02-09 10:35:59'),
(12, 1, 'KNN', '2019-02-09 12:39:51', 10, 1, 0, '2019-02-09 12:39:51'),
(13, 1, 'KNN', '2019-02-09 12:40:56', 10, 1, 0, '2019-02-09 12:40:56'),
(14, 1, 'KNN', '2019-02-09 12:42:44', 10, 1, 0, '2019-02-09 12:42:44'),
(15, 1, 'KNN', '2019-02-09 12:43:18', 10, 1, 0, '2019-02-09 12:43:18'),
(16, 1, 'KNN', '2019-02-09 12:43:34', 10, 1, 0, '2019-02-09 12:43:34'),
(17, 1, 'KNN', '2019-02-09 12:43:55', 10, 1, 0, '2019-02-09 12:43:55'),
(18, 2, 'KNN', '2019-02-09 12:44:18', 10, 1, 0, '2019-02-09 12:44:18'),
(19, 2, 'KNN', '2019-02-09 12:44:55', 10, 1, 0, '2019-02-09 12:44:55'),
(20, 3, 'KNN', '2019-02-09 12:45:12', 10, 1, 0, '2019-02-09 12:45:12'),
(21, 3, 'KNN', '2019-02-09 12:52:33', 10, 1, 0, '2019-02-09 12:52:33');

-- --------------------------------------------------------

--
-- Struktur dari tabel `experiment_details`
--

CREATE TABLE `experiment_details` (
  `detail_id` int(11) NOT NULL,
  `experiment_id` int(11) NOT NULL,
  `fold_number` int(11) NOT NULL,
  `tp` int(11) NOT NULL,
  `tn` int(11) NOT NULL,
  `fp` int(11) NOT NULL,
  `fn` int(11) NOT NULL,
  `accuracy` double NOT NULL,
  `sensitivity` double NOT NULL,
  `specificity` double NOT NULL,
  `execution_time` double NOT NULL,
  `created_at` timestamp NOT NULL DEFAULT CURRENT_TIMESTAMP,
  `updated_at` timestamp NOT NULL DEFAULT CURRENT_TIMESTAMP ON UPDATE CURRENT_TIMESTAMP
) ENGINE=InnoDB DEFAULT CHARSET=latin1;

--
-- Dumping data untuk tabel `experiment_details`
--

INSERT INTO `experiment_details` (`detail_id`, `experiment_id`, `fold_number`, `tp`, `tn`, `fp`, `fn`, `accuracy`, `sensitivity`, `specificity`, `execution_time`, `created_at`, `updated_at`) VALUES
(1, 3, 1, 4, 0, 0, 4, 0.5, 0.44444444444444, 0, 0.015949964523315, '2019-01-27 17:32:59', '2019-01-27 17:32:59'),
(2, 3, 2, 4, 0, 0, 4, 0.5, 0.44444444444444, 0, 0.012630939483643, '2019-01-27 17:32:59', '2019-01-27 17:32:59'),
(3, 3, 3, 1, 0, 0, 7, 0.125, 0.11111111111111, 0, 0.010645866394043, '2019-01-27 17:32:59', '2019-01-27 17:32:59'),
(4, 3, 4, 5, 0, 0, 2, 0.71428571428571, 0.55555555555556, 0, 0.01464581489563, '2019-01-27 17:32:59', '2019-01-27 17:32:59'),
(5, 3, 5, 3, 0, 0, 4, 0.42857142857143, 0.33333333333333, 0, 0.017052888870239, '2019-01-27 17:32:59', '2019-01-27 17:32:59'),
(6, 3, 6, 6, 0, 0, 1, 0.85714285714286, 0.66666666666667, 0, 0.016047954559326, '2019-01-27 17:32:59', '2019-01-27 17:32:59'),
(7, 3, 7, 3, 0, 0, 4, 0.42857142857143, 0.33333333333333, 0, 0.019154071807861, '2019-01-27 17:32:59', '2019-01-27 17:32:59'),
(8, 3, 8, 3, 0, 0, 4, 0.42857142857143, 0.33333333333333, 0, 0.0106360912323, '2019-01-27 17:32:59', '2019-01-27 17:32:59'),
(9, 3, 9, 3, 0, 0, 3, 0.5, 0.375, 0, 0.012660980224609, '2019-01-27 17:32:59', '2019-01-27 17:32:59'),
(10, 3, 10, 1, 0, 0, 5, 0.16666666666667, 0.1, 0, 0.014101982116699, '2019-01-27 17:32:59', '2019-01-27 17:32:59'),
(11, 4, 1, 5, 6, 1, 0, 0.91666666666667, 1, 0.85714285714286, 0.23243689537048, '2019-02-06 04:13:32', '2019-02-06 04:13:32'),
(12, 4, 2, 5, 5, 2, 0, 0.83333333333333, 1, 0.71428571428571, 0.3148980140686, '2019-02-06 04:13:32', '2019-02-06 04:13:32'),
(13, 4, 3, 5, 4, 3, 0, 0.75, 1, 0.57142857142857, 0.29744100570679, '2019-02-06 04:13:32', '2019-02-06 04:13:32'),
(14, 4, 4, 5, 7, 0, 0, 1, 1, 1, 0.2619149684906, '2019-02-06 04:13:32', '2019-02-06 04:13:32'),
(15, 4, 5, 4, 5, 3, 0, 0.75, 1, 0.625, 0.28043794631958, '2019-02-06 04:13:32', '2019-02-06 04:13:32'),
(16, 4, 6, 4, 3, 5, 0, 0.58333333333333, 1, 0.375, 0.28700518608093, '2019-02-06 04:13:32', '2019-02-06 04:13:32'),
(17, 4, 7, 5, 4, 3, 0, 0.75, 1, 0.57142857142857, 0.25288510322571, '2019-02-06 04:13:32', '2019-02-06 04:13:32'),
(18, 4, 8, 5, 5, 2, 0, 0.83333333333333, 1, 0.71428571428571, 0.24265789985657, '2019-02-06 04:13:32', '2019-02-06 04:13:32'),
(19, 4, 9, 5, 5, 1, 0, 0.90909090909091, 1, 0.83333333333333, 0.22466778755188, '2019-02-06 04:13:32', '2019-02-06 04:13:32'),
(20, 4, 10, 4, 4, 3, 0, 0.72727272727273, 1, 0.57142857142857, 0.2301299571991, '2019-02-06 04:13:32', '2019-02-06 04:13:32'),
(21, 5, 1, 4, 7, 1, 0, 0.91666666666667, 1, 0.875, 0.24648594856262, '2019-02-08 04:44:35', '2019-02-08 04:44:35'),
(22, 5, 2, 4, 3, 5, 0, 0.58333333333333, 1, 0.375, 0.32969498634338, '2019-02-08 04:44:35', '2019-02-08 04:44:35'),
(23, 5, 3, 4, 4, 4, 0, 0.66666666666667, 1, 0.5, 0.25361013412476, '2019-02-08 04:44:35', '2019-02-08 04:44:35'),
(24, 5, 4, 4, 7, 1, 0, 0.91666666666667, 1, 0.875, 0.48098087310791, '2019-02-08 04:44:35', '2019-02-08 04:44:35'),
(25, 5, 5, 5, 6, 1, 0, 0.91666666666667, 1, 0.85714285714286, 0.36794519424438, '2019-02-08 04:44:35', '2019-02-08 04:44:35'),
(26, 5, 6, 5, 4, 3, 0, 0.75, 1, 0.57142857142857, 0.37697386741638, '2019-02-08 04:44:35', '2019-02-08 04:44:35'),
(27, 5, 7, 5, 6, 1, 0, 0.91666666666667, 1, 0.85714285714286, 0.40204000473022, '2019-02-08 04:44:35', '2019-02-08 04:44:35'),
(28, 5, 8, 5, 4, 3, 0, 0.75, 1, 0.57142857142857, 0.3579421043396, '2019-02-08 04:44:35', '2019-02-08 04:44:35'),
(29, 5, 9, 5, 2, 2, 0, 0.77777777777778, 1, 0.5, 0.18439888954163, '2019-02-08 04:44:35', '2019-02-08 04:44:35'),
(30, 5, 10, 6, 6, 1, 0, 0.92307692307692, 1, 0.85714285714286, 0.43766212463379, '2019-02-08 04:44:35', '2019-02-08 04:44:35'),
(31, 6, 1, 4, 5, 3, 0, 0.75, 1, 0.625, 0.38489007949829, '2019-02-08 04:50:08', '2019-02-08 04:50:08'),
(32, 6, 2, 5, 4, 3, 0, 0.75, 1, 0.57142857142857, 0.33365106582642, '2019-02-08 04:50:08', '2019-02-08 04:50:08'),
(33, 6, 3, 4, 6, 2, 0, 0.83333333333333, 1, 0.75, 0.31177401542664, '2019-02-08 04:50:08', '2019-02-08 04:50:08'),
(34, 6, 4, 2, 5, 3, 2, 0.58333333333333, 0.5, 0.625, 0.25479793548584, '2019-02-08 04:50:08', '2019-02-08 04:50:08'),
(35, 6, 5, 5, 4, 3, 0, 0.75, 1, 0.57142857142857, 0.35151410102844, '2019-02-08 04:50:08', '2019-02-08 04:50:08'),
(36, 6, 6, 5, 6, 1, 0, 0.91666666666667, 1, 0.85714285714286, 0.30893301963806, '2019-02-08 04:50:08', '2019-02-08 04:50:08'),
(37, 6, 7, 5, 5, 2, 0, 0.83333333333333, 1, 0.71428571428571, 0.26428699493408, '2019-02-08 04:50:08', '2019-02-08 04:50:08'),
(38, 6, 8, 5, 6, 1, 0, 0.91666666666667, 1, 0.85714285714286, 0.3689329624176, '2019-02-08 04:50:08', '2019-02-08 04:50:08'),
(39, 6, 9, 4, 6, 1, 0, 0.90909090909091, 1, 0.85714285714286, 0.24927496910095, '2019-02-08 04:50:08', '2019-02-08 04:50:08'),
(40, 6, 10, 6, 1, 4, 0, 0.63636363636364, 1, 0.2, 0.22544813156128, '2019-02-08 04:50:08', '2019-02-08 04:50:08'),
(41, 7, 1, 4, 6, 2, 0, 0.83333333333333, 1, 0.75, 0.24706101417542, '2019-02-08 19:54:27', '2019-02-08 19:54:27'),
(42, 7, 2, 5, 5, 2, 0, 0.83333333333333, 1, 0.71428571428571, 0.26844596862793, '2019-02-08 19:54:27', '2019-02-08 19:54:27'),
(43, 7, 3, 4, 5, 3, 0, 0.75, 1, 0.625, 0.26558494567871, '2019-02-08 19:54:27', '2019-02-08 19:54:27'),
(44, 7, 4, 4, 5, 3, 0, 0.75, 1, 0.625, 0.23375415802002, '2019-02-08 19:54:27', '2019-02-08 19:54:27'),
(45, 7, 5, 4, 7, 1, 0, 0.91666666666667, 1, 0.875, 0.23623609542847, '2019-02-08 19:54:27', '2019-02-08 19:54:27'),
(46, 7, 6, 5, 5, 2, 0, 0.83333333333333, 1, 0.71428571428571, 0.22662591934204, '2019-02-08 19:54:27', '2019-02-08 19:54:27'),
(47, 7, 7, 5, 5, 2, 0, 0.83333333333333, 1, 0.71428571428571, 0.2395281791687, '2019-02-08 19:54:27', '2019-02-08 19:54:27'),
(48, 7, 8, 5, 4, 3, 0, 0.75, 1, 0.57142857142857, 0.24230885505676, '2019-02-08 19:54:27', '2019-02-08 19:54:27'),
(49, 7, 9, 5, 2, 3, 0, 0.7, 1, 0.4, 0.19677400588989, '2019-02-08 19:54:27', '2019-02-08 19:54:27'),
(50, 7, 10, 6, 5, 1, 0, 0.91666666666667, 1, 0.83333333333333, 0.24417614936829, '2019-02-08 19:54:27', '2019-02-08 19:54:27'),
(51, 8, 1, 4, 7, 1, 0, 0.91666666666667, 1, 0.875, 0.30869698524475, '2019-02-09 10:09:04', '2019-02-09 10:09:04'),
(52, 8, 2, 4, 7, 1, 0, 0.91666666666667, 1, 0.875, 0.33896493911743, '2019-02-09 10:09:04', '2019-02-09 10:09:04'),
(53, 8, 3, 4, 5, 3, 0, 0.75, 1, 0.625, 0.34927010536194, '2019-02-09 10:09:04', '2019-02-09 10:09:04'),
(54, 8, 4, 4, 7, 1, 0, 0.91666666666667, 1, 0.875, 0.25783801078796, '2019-02-09 10:09:04', '2019-02-09 10:09:04'),
(55, 8, 5, 5, 5, 2, 0, 0.83333333333333, 1, 0.71428571428571, 0.25611686706543, '2019-02-09 10:09:04', '2019-02-09 10:09:04'),
(56, 8, 6, 5, 3, 4, 0, 0.66666666666667, 1, 0.42857142857143, 0.26184916496277, '2019-02-09 10:09:04', '2019-02-09 10:09:04'),
(57, 8, 7, 5, 6, 1, 0, 0.91666666666667, 1, 0.85714285714286, 0.28990292549133, '2019-02-09 10:09:04', '2019-02-09 10:09:04'),
(58, 8, 8, 5, 4, 3, 0, 0.75, 1, 0.57142857142857, 0.45696210861206, '2019-02-09 10:09:04', '2019-02-09 10:09:04'),
(59, 8, 9, 5, 4, 1, 0, 0.9, 1, 0.8, 0.66029286384583, '2019-02-09 10:09:04', '2019-02-09 10:09:04'),
(60, 8, 10, 6, 1, 5, 0, 0.58333333333333, 1, 0.16666666666667, 0.28419208526611, '2019-02-09 10:09:04', '2019-02-09 10:09:04'),
(61, 9, 1, 5, 5, 2, 0, 0.83333333333333, 1, 0.71428571428571, 0.21999096870422, '2019-02-09 10:35:27', '2019-02-09 10:35:27'),
(62, 9, 2, 5, 6, 1, 0, 0.91666666666667, 1, 0.85714285714286, 0.23448991775513, '2019-02-09 10:35:27', '2019-02-09 10:35:27'),
(63, 9, 3, 4, 7, 1, 0, 0.91666666666667, 1, 0.875, 0.25294208526611, '2019-02-09 10:35:27', '2019-02-09 10:35:27'),
(64, 9, 4, 5, 6, 1, 0, 0.91666666666667, 1, 0.85714285714286, 0.2578718662262, '2019-02-09 10:35:27', '2019-02-09 10:35:27'),
(65, 9, 5, 4, 5, 3, 0, 0.75, 1, 0.625, 0.21856093406677, '2019-02-09 10:35:27', '2019-02-09 10:35:27'),
(66, 9, 6, 5, 3, 4, 0, 0.66666666666667, 1, 0.42857142857143, 0.28740096092224, '2019-02-09 10:35:27', '2019-02-09 10:35:27'),
(67, 9, 7, 4, 5, 3, 0, 0.75, 1, 0.625, 0.24562501907349, '2019-02-09 10:35:27', '2019-02-09 10:35:27'),
(68, 9, 8, 5, 3, 4, 0, 0.66666666666667, 1, 0.42857142857143, 0.29212713241577, '2019-02-09 10:35:27', '2019-02-09 10:35:27'),
(69, 9, 9, 5, 4, 2, 0, 0.81818181818182, 1, 0.66666666666667, 0.24149990081787, '2019-02-09 10:35:27', '2019-02-09 10:35:27'),
(70, 9, 10, 3, 5, 1, 2, 0.72727272727273, 0.6, 0.83333333333333, 0.26332902908325, '2019-02-09 10:35:27', '2019-02-09 10:35:27'),
(71, 10, 1, 4, 7, 1, 0, 0.91666666666667, 1, 0.875, 0.23177480697632, '2019-02-09 10:35:46', '2019-02-09 10:35:46'),
(72, 10, 2, 5, 4, 3, 0, 0.75, 1, 0.57142857142857, 0.24525499343872, '2019-02-09 10:35:46', '2019-02-09 10:35:46'),
(73, 10, 3, 5, 6, 1, 0, 0.91666666666667, 1, 0.85714285714286, 0.25458383560181, '2019-02-09 10:35:46', '2019-02-09 10:35:46'),
(74, 10, 4, 5, 4, 3, 0, 0.75, 1, 0.57142857142857, 0.26394987106323, '2019-02-09 10:35:46', '2019-02-09 10:35:46'),
(75, 10, 5, 5, 4, 3, 0, 0.75, 1, 0.57142857142857, 0.26262307167053, '2019-02-09 10:35:46', '2019-02-09 10:35:46'),
(76, 10, 6, 4, 4, 4, 0, 0.66666666666667, 1, 0.5, 0.27813386917114, '2019-02-09 10:35:46', '2019-02-09 10:35:46'),
(77, 10, 7, 4, 6, 2, 0, 0.83333333333333, 1, 0.75, 0.25741386413574, '2019-02-09 10:35:46', '2019-02-09 10:35:46'),
(78, 10, 8, 5, 3, 4, 0, 0.66666666666667, 1, 0.42857142857143, 0.28671097755432, '2019-02-09 10:35:46', '2019-02-09 10:35:46'),
(79, 10, 9, 4, 3, 4, 0, 0.63636363636364, 1, 0.42857142857143, 0.24932098388672, '2019-02-09 10:35:46', '2019-02-09 10:35:46'),
(80, 10, 10, 6, 4, 1, 0, 0.90909090909091, 1, 0.8, 0.2456271648407, '2019-02-09 10:35:46', '2019-02-09 10:35:46'),
(81, 11, 1, 4, 5, 3, 0, 0.75, 1, 0.625, 0.27344512939453, '2019-02-09 10:36:02', '2019-02-09 10:36:02'),
(82, 11, 2, 4, 4, 4, 0, 0.66666666666667, 1, 0.5, 0.26394486427307, '2019-02-09 10:36:02', '2019-02-09 10:36:02'),
(83, 11, 3, 4, 4, 4, 0, 0.66666666666667, 1, 0.5, 0.26620483398438, '2019-02-09 10:36:02', '2019-02-09 10:36:02'),
(84, 11, 4, 4, 6, 2, 0, 0.83333333333333, 1, 0.75, 0.27203011512756, '2019-02-09 10:36:02', '2019-02-09 10:36:02'),
(85, 11, 5, 4, 6, 2, 0, 0.83333333333333, 1, 0.75, 0.2370970249176, '2019-02-09 10:36:02', '2019-02-09 10:36:02'),
(86, 11, 6, 5, 7, 0, 0, 1, 1, 1, 0.26802206039429, '2019-02-09 10:36:02', '2019-02-09 10:36:02'),
(87, 11, 7, 4, 5, 3, 0, 0.75, 1, 0.625, 0.26645088195801, '2019-02-09 10:36:02', '2019-02-09 10:36:02'),
(88, 11, 8, 5, 6, 1, 0, 0.91666666666667, 1, 0.85714285714286, 0.28093123435974, '2019-02-09 10:36:02', '2019-02-09 10:36:02'),
(89, 11, 9, 5, 1, 3, 0, 0.66666666666667, 1, 0.25, 0.18956303596497, '2019-02-09 10:36:02', '2019-02-09 10:36:02'),
(90, 11, 10, 8, 5, 0, 0, 1, 1, 1, 0.31147694587708, '2019-02-09 10:36:02', '2019-02-09 10:36:02'),
(91, 12, 1, 0, 0, 0, 0, 0, 0, 0, 0.96821784973145, '2019-02-09 12:39:57', '2019-02-09 12:39:57'),
(92, 12, 2, 0, 0, 0, 0, 0, 0, 0, 0.5774610042572, '2019-02-09 12:39:57', '2019-02-09 12:39:57'),
(93, 12, 3, 0, 0, 0, 0, 0, 0, 0, 0.61554718017578, '2019-02-09 12:39:57', '2019-02-09 12:39:57'),
(94, 12, 4, 0, 0, 0, 0, 0, 0, 0, 0.59712982177734, '2019-02-09 12:39:57', '2019-02-09 12:39:57'),
(95, 12, 5, 0, 0, 0, 0, 0, 0, 0, 0.5836980342865, '2019-02-09 12:39:57', '2019-02-09 12:39:57'),
(96, 12, 6, 0, 0, 0, 0, 0, 0, 0, 0.58864712715149, '2019-02-09 12:39:57', '2019-02-09 12:39:57'),
(97, 12, 7, 0, 0, 0, 0, 0, 0, 0, 0.54384589195251, '2019-02-09 12:39:57', '2019-02-09 12:39:57'),
(98, 12, 8, 0, 0, 0, 0, 0, 0, 0, 0.45943999290466, '2019-02-09 12:39:57', '2019-02-09 12:39:57'),
(99, 12, 9, 0, 0, 0, 0, 0, 0, 0, 0.39646291732788, '2019-02-09 12:39:57', '2019-02-09 12:39:57'),
(100, 12, 10, 0, 0, 0, 0, 0, 0, 0, 0.49407291412354, '2019-02-09 12:39:57', '2019-02-09 12:39:57'),
(101, 13, 1, 0, 0, 0, 0, 0, 0, 0, 0.37266898155212, '2019-02-09 12:41:01', '2019-02-09 12:41:01'),
(102, 13, 2, 0, 0, 0, 0, 0, 0, 0, 0.50883913040161, '2019-02-09 12:41:01', '2019-02-09 12:41:01'),
(103, 13, 3, 0, 0, 0, 0, 0, 0, 0, 0.43981099128723, '2019-02-09 12:41:01', '2019-02-09 12:41:01'),
(104, 13, 4, 0, 0, 0, 0, 0, 0, 0, 0.56476593017578, '2019-02-09 12:41:01', '2019-02-09 12:41:01'),
(105, 13, 5, 0, 0, 0, 0, 0, 0, 0, 0.51516008377075, '2019-02-09 12:41:01', '2019-02-09 12:41:01'),
(106, 13, 6, 0, 0, 0, 0, 0, 0, 0, 0.52203798294067, '2019-02-09 12:41:01', '2019-02-09 12:41:01'),
(107, 13, 7, 0, 0, 0, 0, 0, 0, 0, 0.63027596473694, '2019-02-09 12:41:01', '2019-02-09 12:41:01'),
(108, 13, 8, 0, 0, 0, 0, 0, 0, 0, 0.65744709968567, '2019-02-09 12:41:01', '2019-02-09 12:41:01'),
(109, 13, 9, 0, 0, 0, 0, 0, 0, 0, 0.56179189682007, '2019-02-09 12:41:01', '2019-02-09 12:41:01'),
(110, 13, 10, 0, 0, 0, 0, 0, 0, 0, 0.44347906112671, '2019-02-09 12:41:01', '2019-02-09 12:41:01'),
(111, 17, 1, 4, 4, 4, 0, 0.66666666666667, 1, 0.5, 0.65807485580444, '2019-02-09 12:44:01', '2019-02-09 12:44:01'),
(112, 17, 2, 4, 4, 4, 0, 0.66666666666667, 1, 0.5, 0.76351499557495, '2019-02-09 12:44:01', '2019-02-09 12:44:01'),
(113, 17, 3, 4, 5, 3, 0, 0.75, 1, 0.625, 0.6229829788208, '2019-02-09 12:44:01', '2019-02-09 12:44:01'),
(114, 17, 4, 5, 6, 1, 0, 0.91666666666667, 1, 0.85714285714286, 0.55684113502502, '2019-02-09 12:44:01', '2019-02-09 12:44:01'),
(115, 17, 5, 5, 4, 3, 0, 0.75, 1, 0.57142857142857, 0.64381098747253, '2019-02-09 12:44:01', '2019-02-09 12:44:01'),
(116, 17, 6, 5, 7, 0, 0, 1, 1, 1, 0.81601309776306, '2019-02-09 12:44:01', '2019-02-09 12:44:01'),
(117, 17, 7, 5, 6, 1, 0, 0.91666666666667, 1, 0.85714285714286, 0.75509405136108, '2019-02-09 12:44:01', '2019-02-09 12:44:01'),
(118, 17, 8, 5, 6, 1, 0, 0.91666666666667, 1, 0.85714285714286, 0.70053505897522, '2019-02-09 12:44:01', '2019-02-09 12:44:01'),
(119, 17, 9, 5, 1, 4, 0, 0.6, 1, 0.2, 0.50278496742249, '2019-02-09 12:44:01', '2019-02-09 12:44:01'),
(120, 17, 10, 5, 6, 1, 0, 0.91666666666667, 1, 0.85714285714286, 0.44782114028931, '2019-02-09 12:44:01', '2019-02-09 12:44:01'),
(121, 18, 1, 2, 4, 0, 3, 0.66666666666667, 0.4, 1, 0.72470378875732, '2019-02-09 12:44:26', '2019-02-09 12:44:26'),
(122, 18, 2, 3, 4, 0, 2, 0.77777777777778, 0.6, 1, 0.71669602394104, '2019-02-09 12:44:26', '2019-02-09 12:44:26'),
(123, 18, 3, 2, 5, 0, 2, 0.77777777777778, 0.5, 1, 0.7873330116272, '2019-02-09 12:44:26', '2019-02-09 12:44:26'),
(124, 18, 4, 2, 5, 0, 2, 0.77777777777778, 0.5, 1, 0.70986914634705, '2019-02-09 12:44:26', '2019-02-09 12:44:26'),
(125, 18, 5, 3, 3, 1, 2, 0.66666666666667, 0.6, 0.75, 0.97985219955444, '2019-02-09 12:44:26', '2019-02-09 12:44:26'),
(126, 18, 6, 2, 4, 0, 3, 0.66666666666667, 0.4, 1, 0.91423010826111, '2019-02-09 12:44:26', '2019-02-09 12:44:26'),
(127, 18, 7, 2, 4, 0, 3, 0.66666666666667, 0.4, 1, 0.53637504577637, '2019-02-09 12:44:26', '2019-02-09 12:44:26'),
(128, 18, 8, 2, 5, 0, 2, 0.77777777777778, 0.5, 1, 0.3566300868988, '2019-02-09 12:44:26', '2019-02-09 12:44:26'),
(129, 18, 9, 3, 5, 0, 1, 0.88888888888889, 0.75, 1, 0.43914198875427, '2019-02-09 12:44:26', '2019-02-09 12:44:26'),
(130, 18, 10, 6, 2, 0, 1, 0.88888888888889, 0.85714285714286, 1, 0.40317606925964, '2019-02-09 12:44:26', '2019-02-09 12:44:26'),
(131, 19, 1, 2, 4, 0, 3, 0.66666666666667, 0.4, 1, 0.25917983055115, '2019-02-09 12:44:58', '2019-02-09 12:44:58'),
(132, 19, 2, 2, 3, 1, 3, 0.55555555555556, 0.4, 0.75, 0.31720209121704, '2019-02-09 12:44:58', '2019-02-09 12:44:58'),
(133, 19, 3, 4, 4, 0, 1, 0.88888888888889, 0.8, 1, 0.37034606933594, '2019-02-09 12:44:58', '2019-02-09 12:44:58'),
(134, 19, 4, 3, 4, 0, 2, 0.77777777777778, 0.6, 1, 0.31495404243469, '2019-02-09 12:44:58', '2019-02-09 12:44:58'),
(135, 19, 5, 1, 4, 0, 4, 0.55555555555556, 0.2, 1, 0.27599120140076, '2019-02-09 12:44:58', '2019-02-09 12:44:58'),
(136, 19, 6, 4, 4, 0, 1, 0.88888888888889, 0.8, 1, 0.37015604972839, '2019-02-09 12:44:58', '2019-02-09 12:44:58'),
(137, 19, 7, 2, 4, 0, 3, 0.66666666666667, 0.4, 1, 0.29321503639221, '2019-02-09 12:44:58', '2019-02-09 12:44:58'),
(138, 19, 8, 2, 5, 0, 2, 0.77777777777778, 0.5, 1, 0.32101702690125, '2019-02-09 12:44:58', '2019-02-09 12:44:58'),
(139, 19, 9, 4, 4, 0, 1, 0.88888888888889, 0.8, 1, 0.3292031288147, '2019-02-09 12:44:58', '2019-02-09 12:44:58'),
(140, 19, 10, 3, 5, 0, 1, 0.88888888888889, 0.75, 1, 0.4140989780426, '2019-02-09 12:44:58', '2019-02-09 12:44:58'),
(141, 20, 1, 1, 1, 0, 7, 0.22222222222222, 0.125, 1, 0.44521617889404, '2019-02-09 12:45:17', '2019-02-09 12:45:17'),
(142, 20, 2, 2, 2, 0, 5, 0.44444444444444, 0.28571428571429, 1, 0.5718309879303, '2019-02-09 12:45:17', '2019-02-09 12:45:17'),
(143, 20, 3, 4, 2, 0, 3, 0.66666666666667, 0.57142857142857, 1, 0.46170282363892, '2019-02-09 12:45:17', '2019-02-09 12:45:17'),
(144, 20, 4, 3, 2, 0, 4, 0.55555555555556, 0.42857142857143, 1, 0.4482569694519, '2019-02-09 12:45:17', '2019-02-09 12:45:17'),
(145, 20, 5, 5, 2, 0, 2, 0.77777777777778, 0.71428571428571, 1, 0.44307994842529, '2019-02-09 12:45:17', '2019-02-09 12:45:17'),
(146, 20, 6, 4, 2, 0, 3, 0.66666666666667, 0.57142857142857, 1, 0.42240715026855, '2019-02-09 12:45:17', '2019-02-09 12:45:17'),
(147, 20, 7, 3, 1, 0, 5, 0.44444444444444, 0.375, 1, 0.39121699333191, '2019-02-09 12:45:17', '2019-02-09 12:45:17'),
(148, 20, 8, 3, 2, 0, 4, 0.55555555555556, 0.42857142857143, 1, 0.39917993545532, '2019-02-09 12:45:17', '2019-02-09 12:45:17'),
(149, 20, 9, 4, 2, 0, 2, 0.75, 0.66666666666667, 1, 0.41738200187683, '2019-02-09 12:45:17', '2019-02-09 12:45:17'),
(150, 20, 10, 4, 3, 0, 3, 0.7, 0.57142857142857, 1, 0.36386609077454, '2019-02-09 12:45:17', '2019-02-09 12:45:17'),
(151, 21, 1, 4, 2, 0, 3, 0.66666666666667, 0.57142857142857, 1, 0.63060212135315, '2019-02-09 12:52:41', '2019-02-09 12:52:41'),
(152, 21, 2, 3, 1, 0, 5, 0.44444444444444, 0.375, 1, 0.63085103034973, '2019-02-09 12:52:41', '2019-02-09 12:52:41'),
(153, 21, 3, 4, 2, 0, 3, 0.66666666666667, 0.57142857142857, 1, 0.64276480674744, '2019-02-09 12:52:41', '2019-02-09 12:52:41'),
(154, 21, 4, 2, 2, 0, 5, 0.44444444444444, 0.28571428571429, 1, 0.71019887924194, '2019-02-09 12:52:41', '2019-02-09 12:52:41'),
(155, 21, 5, 3, 2, 0, 4, 0.55555555555556, 0.42857142857143, 1, 1.1183071136475, '2019-02-09 12:52:41', '2019-02-09 12:52:41'),
(156, 21, 6, 2, 2, 0, 5, 0.44444444444444, 0.28571428571429, 1, 0.8790979385376, '2019-02-09 12:52:41', '2019-02-09 12:52:41'),
(157, 21, 7, 4, 2, 0, 3, 0.66666666666667, 0.57142857142857, 1, 0.77145409584045, '2019-02-09 12:52:41', '2019-02-09 12:52:41'),
(158, 21, 8, 3, 2, 0, 4, 0.55555555555556, 0.42857142857143, 1, 0.5124979019165, '2019-02-09 12:52:41', '2019-02-09 12:52:41'),
(159, 21, 9, 3, 2, 0, 4, 0.55555555555556, 0.42857142857143, 1, 0.49812293052673, '2019-02-09 12:52:41', '2019-02-09 12:52:41'),
(160, 21, 10, 5, 2, 0, 2, 0.77777777777778, 0.71428571428571, 1, 0.49348998069763, '2019-02-09 12:52:41', '2019-02-09 12:52:41');

-- --------------------------------------------------------

--
-- Struktur dari tabel `immunotherapy`
--

CREATE TABLE `immunotherapy` (
  `patient_id` int(11) NOT NULL,
  `sex` tinyint(4) NOT NULL,
  `age` int(11) NOT NULL,
  `time` float NOT NULL,
  `number_of_warts` int(11) NOT NULL,
  `type` tinyint(4) NOT NULL,
  `area` int(11) NOT NULL,
  `induration_diameter` int(11) NOT NULL,
  `result_of_treatment` int(11) NOT NULL,
  `created_at` timestamp NOT NULL DEFAULT CURRENT_TIMESTAMP,
  `updated_at` timestamp NOT NULL DEFAULT CURRENT_TIMESTAMP ON UPDATE CURRENT_TIMESTAMP
) ENGINE=InnoDB DEFAULT CHARSET=latin1;

--
-- Dumping data untuk tabel `immunotherapy`
--

INSERT INTO `immunotherapy` (`patient_id`, `sex`, `age`, `time`, `number_of_warts`, `type`, `area`, `induration_diameter`, `result_of_treatment`, `created_at`, `updated_at`) VALUES
(1, 1, 22, 2.25, 14, 3, 51, 50, 1, '2019-02-09 12:34:43', '2019-02-09 12:34:43'),
(2, 1, 15, 3, 2, 3, 900, 70, 1, '2019-02-09 12:34:43', '2019-02-09 12:34:43'),
(3, 1, 16, 10.5, 2, 1, 100, 25, 1, '2019-02-09 12:34:43', '2019-02-09 12:34:43'),
(4, 1, 27, 4.5, 9, 3, 80, 30, 1, '2019-02-09 12:34:43', '2019-02-09 12:34:43'),
(5, 1, 20, 8, 6, 1, 45, 8, 1, '2019-02-09 12:34:43', '2019-02-09 12:34:43'),
(6, 1, 15, 5, 3, 3, 84, 7, 1, '2019-02-09 12:34:43', '2019-02-09 12:34:43'),
(7, 1, 35, 9.75, 2, 2, 8, 6, 1, '2019-02-09 12:34:43', '2019-02-09 12:34:43'),
(8, 2, 28, 7.5, 4, 1, 9, 2, 1, '2019-02-09 12:34:43', '2019-02-09 12:34:43'),
(9, 2, 19, 6, 2, 1, 225, 8, 1, '2019-02-09 12:34:43', '2019-02-09 12:34:43'),
(10, 2, 32, 12, 6, 3, 35, 5, 0, '2019-02-09 12:34:43', '2019-02-09 12:34:43'),
(11, 2, 33, 6.25, 2, 1, 30, 3, 1, '2019-02-09 12:34:43', '2019-02-09 12:34:43'),
(12, 2, 17, 5.75, 12, 3, 25, 7, 1, '2019-02-09 12:34:43', '2019-02-09 12:34:43'),
(13, 2, 15, 1.75, 1, 2, 49, 7, 0, '2019-02-09 12:34:43', '2019-02-09 12:34:43'),
(14, 2, 15, 5.5, 12, 1, 48, 7, 1, '2019-02-09 12:34:43', '2019-02-09 12:34:43'),
(15, 2, 16, 10, 7, 1, 143, 6, 1, '2019-02-09 12:34:43', '2019-02-09 12:34:43'),
(16, 2, 33, 9.25, 2, 2, 150, 8, 1, '2019-02-09 12:34:43', '2019-02-09 12:34:43'),
(17, 2, 26, 7.75, 6, 2, 6, 5, 1, '2019-02-09 12:34:43', '2019-02-09 12:34:43'),
(18, 2, 23, 7.5, 10, 2, 43, 3, 1, '2019-02-09 12:34:43', '2019-02-09 12:34:43'),
(19, 2, 15, 6.5, 19, 1, 56, 7, 1, '2019-02-09 12:34:43', '2019-02-09 12:34:43'),
(20, 2, 26, 6.75, 2, 1, 6, 6, 1, '2019-02-09 12:34:43', '2019-02-09 12:34:43'),
(21, 1, 22, 1.25, 3, 3, 47, 3, 1, '2019-02-09 12:34:43', '2019-02-09 12:34:43'),
(22, 2, 19, 2.25, 2, 1, 60, 7, 1, '2019-02-09 12:34:43', '2019-02-09 12:34:43'),
(23, 2, 26, 10.5, 6, 1, 50, 9, 0, '2019-02-09 12:34:43', '2019-02-09 12:34:43'),
(24, 1, 25, 5.75, 2, 1, 300, 7, 1, '2019-02-09 12:34:43', '2019-02-09 12:34:43'),
(25, 2, 17, 11.25, 4, 3, 70, 7, 1, '2019-02-09 12:34:43', '2019-02-09 12:34:43'),
(26, 1, 27, 5, 2, 1, 20, 5, 1, '2019-02-09 12:34:43', '2019-02-09 12:34:43'),
(27, 2, 24, 4.75, 10, 3, 30, 45, 1, '2019-02-09 12:34:43', '2019-02-09 12:34:43'),
(28, 1, 15, 11, 6, 1, 30, 25, 0, '2019-02-09 12:34:43', '2019-02-09 12:34:43'),
(29, 2, 34, 11.5, 12, 1, 25, 50, 0, '2019-02-09 12:34:43', '2019-02-09 12:34:43'),
(30, 2, 20, 7.75, 18, 3, 45, 2, 1, '2019-02-09 12:34:43', '2019-02-09 12:34:43'),
(31, 2, 38, 2.5, 1, 3, 43, 50, 1, '2019-02-09 12:34:43', '2019-02-09 12:34:43'),
(32, 1, 23, 3, 2, 3, 87, 70, 1, '2019-02-09 12:34:43', '2019-02-09 12:34:43'),
(33, 2, 48, 10.25, 7, 1, 50, 25, 1, '2019-02-09 12:34:43', '2019-02-09 12:34:43'),
(34, 2, 24, 4.25, 1, 1, 174, 30, 1, '2019-02-09 12:34:43', '2019-02-09 12:34:43'),
(35, 2, 33, 8, 3, 1, 502, 8, 1, '2019-02-09 12:34:43', '2019-02-09 12:34:43'),
(36, 1, 34, 5, 7, 3, 64, 7, 0, '2019-02-09 12:34:43', '2019-02-09 12:34:43'),
(37, 2, 41, 11, 11, 2, 21, 6, 0, '2019-02-09 12:34:43', '2019-02-09 12:34:43'),
(38, 1, 29, 8.75, 3, 1, 504, 2, 1, '2019-02-09 12:34:43', '2019-02-09 12:34:43'),
(39, 2, 22, 8.5, 5, 1, 99, 8, 1, '2019-02-09 12:34:43', '2019-02-09 12:34:43'),
(40, 1, 45, 11.25, 4, 1, 72, 5, 0, '2019-02-09 12:34:43', '2019-02-09 12:34:43'),
(41, 2, 22, 8.25, 9, 1, 352, 3, 1, '2019-02-09 12:34:43', '2019-02-09 12:34:43'),
(42, 1, 35, 8.75, 10, 2, 69, 7, 1, '2019-02-09 12:34:43', '2019-02-09 12:34:43'),
(43, 2, 34, 8.5, 1, 2, 163, 7, 0, '2019-02-09 12:34:43', '2019-02-09 12:34:43'),
(44, 1, 49, 4.5, 2, 1, 33, 7, 0, '2019-02-09 12:34:43', '2019-02-09 12:34:43'),
(45, 2, 19, 11, 5, 2, 51, 6, 1, '2019-02-09 12:34:43', '2019-02-09 12:34:43'),
(46, 1, 21, 8, 3, 1, 17, 8, 1, '2019-02-09 12:34:43', '2019-02-09 12:34:43'),
(47, 1, 26, 7.75, 13, 2, 13, 5, 1, '2019-02-09 12:34:43', '2019-02-09 12:34:43'),
(48, 1, 51, 8.75, 2, 2, 57, 3, 1, '2019-02-09 12:34:43', '2019-02-09 12:34:43'),
(49, 1, 19, 7.75, 6, 1, 32, 7, 1, '2019-02-09 12:34:43', '2019-02-09 12:34:43'),
(50, 1, 38, 12, 14, 1, 87, 6, 0, '2019-02-09 12:34:43', '2019-02-09 12:34:43'),
(51, 2, 36, 1.75, 10, 3, 45, 3, 1, '2019-02-09 12:34:43', '2019-02-09 12:34:43'),
(52, 2, 52, 2.25, 5, 1, 63, 7, 1, '2019-02-09 12:34:43', '2019-02-09 12:34:43'),
(53, 2, 49, 9, 4, 2, 14, 9, 1, '2019-02-09 12:34:43', '2019-02-09 12:34:43'),
(54, 1, 23, 5.75, 2, 1, 43, 7, 1, '2019-02-09 12:34:43', '2019-02-09 12:34:43'),
(55, 1, 45, 10, 8, 1, 58, 7, 1, '2019-02-09 12:34:43', '2019-02-09 12:34:43'),
(56, 1, 54, 7.5, 13, 3, 43, 5, 1, '2019-02-09 12:34:43', '2019-02-09 12:34:43'),
(57, 2, 47, 5.25, 3, 3, 23, 45, 1, '2019-02-09 12:34:43', '2019-02-09 12:34:43'),
(58, 2, 53, 10, 1, 2, 30, 25, 1, '2019-02-09 12:34:43', '2019-02-09 12:34:43'),
(59, 2, 56, 11.75, 7, 1, 31, 50, 0, '2019-02-09 12:34:43', '2019-02-09 12:34:43'),
(60, 1, 27, 11.25, 3, 2, 37, 2, 1, '2019-02-09 12:34:43', '2019-02-09 12:34:43'),
(61, 2, 47, 3.75, 14, 2, 67, 50, 1, '2019-02-09 12:34:43', '2019-02-09 12:34:43'),
(62, 2, 19, 2.25, 8, 2, 42, 70, 1, '2019-02-09 12:34:43', '2019-02-09 12:34:43'),
(63, 2, 33, 8, 5, 1, 63, 25, 1, '2019-02-09 12:34:43', '2019-02-09 12:34:43'),
(64, 2, 15, 4, 12, 1, 72, 30, 1, '2019-02-09 12:34:43', '2019-02-09 12:34:43'),
(65, 1, 17, 8.5, 2, 1, 44, 8, 1, '2019-02-09 12:34:43', '2019-02-09 12:34:43'),
(66, 1, 29, 5, 12, 3, 75, 7, 1, '2019-02-09 12:34:43', '2019-02-09 12:34:43'),
(67, 1, 27, 11.75, 8, 1, 208, 6, 0, '2019-02-09 12:34:43', '2019-02-09 12:34:43'),
(68, 2, 51, 6, 6, 1, 80, 2, 1, '2019-02-09 12:34:43', '2019-02-09 12:34:43'),
(69, 1, 35, 6.75, 4, 3, 41, 8, 1, '2019-02-09 12:34:43', '2019-02-09 12:34:43'),
(70, 2, 47, 10.75, 8, 1, 57, 5, 0, '2019-02-09 12:34:43', '2019-02-09 12:34:43'),
(71, 1, 43, 8, 1, 1, 59, 3, 1, '2019-02-09 12:34:43', '2019-02-09 12:34:43'),
(72, 1, 15, 4, 4, 3, 25, 7, 1, '2019-02-09 12:34:43', '2019-02-09 12:34:43'),
(73, 1, 33, 1.75, 7, 2, 379, 7, 0, '2019-02-09 12:34:43', '2019-02-09 12:34:43'),
(74, 2, 51, 4, 1, 1, 65, 7, 1, '2019-02-09 12:34:43', '2019-02-09 12:34:43'),
(75, 1, 45, 6.5, 9, 2, 49, 6, 1, '2019-02-09 12:34:43', '2019-02-09 12:34:43'),
(76, 2, 47, 9.25, 13, 2, 367, 8, 1, '2019-02-09 12:34:43', '2019-02-09 12:34:43'),
(77, 1, 18, 11.75, 5, 2, 13, 5, 1, '2019-02-09 12:34:43', '2019-02-09 12:34:43'),
(78, 2, 46, 7.75, 8, 1, 40, 3, 1, '2019-02-09 12:34:43', '2019-02-09 12:34:43'),
(79, 1, 43, 11, 7, 1, 507, 7, 1, '2019-02-09 12:34:43', '2019-02-09 12:34:43'),
(80, 2, 28, 11, 3, 3, 91, 6, 0, '2019-02-09 12:34:43', '2019-02-09 12:34:43'),
(81, 1, 30, 1, 2, 1, 88, 3, 1, '2019-02-09 12:34:43', '2019-02-09 12:34:43'),
(82, 2, 16, 2, 11, 1, 47, 7, 1, '2019-02-09 12:34:43', '2019-02-09 12:34:43'),
(83, 2, 42, 8.75, 8, 2, 73, 9, 0, '2019-02-09 12:34:43', '2019-02-09 12:34:43'),
(84, 2, 15, 8, 1, 1, 55, 7, 1, '2019-02-09 12:34:43', '2019-02-09 12:34:43'),
(85, 2, 53, 7.25, 6, 1, 81, 7, 1, '2019-02-09 12:34:43', '2019-02-09 12:34:43'),
(86, 1, 40, 5.5, 8, 3, 69, 5, 1, '2019-02-09 12:34:43', '2019-02-09 12:34:43'),
(87, 1, 38, 7.5, 8, 2, 56, 45, 1, '2019-02-09 12:34:43', '2019-02-09 12:34:43'),
(88, 1, 46, 11.5, 4, 1, 91, 25, 0, '2019-02-09 12:34:43', '2019-02-09 12:34:43'),
(89, 1, 32, 12, 9, 1, 43, 50, 0, '2019-02-09 12:34:43', '2019-02-09 12:34:43'),
(90, 2, 23, 6.75, 6, 1, 19, 2, 1, '2019-02-09 12:34:43', '2019-02-09 12:34:43');

-- --------------------------------------------------------

--
-- Struktur dari tabel `information_gain`
--

CREATE TABLE `information_gain` (
  `id` int(11) NOT NULL,
  `dataset_id` int(11) NOT NULL,
  `feature` varchar(255) NOT NULL,
  `gain` double NOT NULL,
  `created_at` timestamp NOT NULL DEFAULT CURRENT_TIMESTAMP,
  `updated_at` timestamp NOT NULL DEFAULT CURRENT_TIMESTAMP ON UPDATE CURRENT_TIMESTAMP
) ENGINE=InnoDB DEFAULT CHARSET=latin1;

--
-- Dumping data untuk tabel `information_gain`
--

INSERT INTO `information_gain` (`id`, `dataset_id`, `feature`, `gain`, `created_at`, `updated_at`) VALUES
(1, 1, 'type', 0.043291816065654, '2019-02-10 09:12:59', '2019-02-10 09:12:59'),
(2, 1, 'age', 0.0043290761790907, '2019-02-10 09:12:59', '2019-02-10 09:12:59'),
(3, 1, 'time', 0.0043290761790907, '2019-02-10 09:12:59', '2019-02-10 09:12:59'),
(4, 1, 'number_of_warts', 0.0043290761790907, '2019-02-10 09:12:59', '2019-02-10 09:12:59'),
(5, 1, 'area', 0.0043290761790907, '2019-02-10 09:12:59', '2019-02-10 09:12:59'),
(6, 1, 'sex', 0.0017259539495496, '2019-02-10 09:12:59', '2019-02-10 09:12:59'),
(7, 2, 'type', 0.13681082736991, '2019-02-10 09:12:59', '2019-02-10 09:12:59'),
(8, 2, 'sex', 0.0037189066924358, '2019-02-10 09:12:59', '2019-02-10 09:12:59'),
(9, 2, 'age', 0, '2019-02-10 09:12:59', '2019-02-10 09:12:59'),
(10, 2, 'time', 0, '2019-02-10 09:12:59', '2019-02-10 09:12:59'),
(11, 2, 'number_of_warts', 0, '2019-02-10 09:12:59', '2019-02-10 09:12:59'),
(12, 2, 'area', 0, '2019-02-10 09:12:59', '2019-02-10 09:12:59'),
(13, 3, 'age', 0.017517605128133, '2019-02-10 09:12:59', '2019-02-10 09:12:59'),
(14, 3, 'type', 0.0045698968182668, '2019-02-10 09:12:59', '2019-02-10 09:12:59'),
(15, 3, 'number_of_warts', 0.0026514344120573, '2019-02-10 09:12:59', '2019-02-10 09:12:59'),
(16, 3, 'area', 0.0026514344120573, '2019-02-10 09:12:59', '2019-02-10 09:12:59'),
(17, 3, 'sex', 0.00017704808827412, '2019-02-10 09:12:59', '2019-02-10 09:12:59'),
(18, 3, 'time', 0, '2019-02-10 09:12:59', '2019-02-10 09:12:59'),
(19, 3, 'induration_diameter', 0, '2019-02-10 09:12:59', '2019-02-10 09:12:59');

-- --------------------------------------------------------

--
-- Struktur dari tabel `patients`
--

CREATE TABLE `patients` (
  `patient_id` int(11) NOT NULL,
  `sex` tinyint(4) NOT NULL,
  `age` int(11) NOT NULL,
  `time` float NOT NULL,
  `number_of_warts` int(11) NOT NULL,
  `type` tinyint(4) NOT NULL,
  `area` int(11) NOT NULL,
  `result_of_treatment` int(11) NOT NULL,
  `created_at` timestamp NOT NULL DEFAULT CURRENT_TIMESTAMP,
  `updated_at` timestamp NOT NULL DEFAULT CURRENT_TIMESTAMP ON UPDATE CURRENT_TIMESTAMP
) ENGINE=InnoDB DEFAULT CHARSET=latin1;

--
-- Dumping data untuk tabel `patients`
--

INSERT INTO `patients` (`patient_id`, `sex`, `age`, `time`, `number_of_warts`, `type`, `area`, `result_of_treatment`, `created_at`, `updated_at`) VALUES
(1, 2, 19, 9.5, 8, 1, 20, 1, '2019-02-09 12:33:07', '2019-02-09 12:33:07'),
(2, 1, 35, 8, 9, 1, 160, 1, '2019-02-09 12:33:07', '2019-02-09 12:33:07'),
(3, 1, 29, 7.25, 2, 1, 100, 1, '2019-02-09 12:33:07', '2019-02-09 12:33:07'),
(4, 2, 36, 7.75, 5, 2, 20, 1, '2019-02-09 12:33:07', '2019-02-09 12:33:07'),
(5, 1, 34, 4, 3, 1, 6, 1, '2019-02-09 12:33:07', '2019-02-09 12:33:07'),
(6, 1, 15, 10.5, 11, 1, 30, 1, '2019-02-09 12:33:07', '2019-02-09 12:33:07'),
(7, 2, 15, 2, 11, 1, 4, 1, '2019-02-09 12:33:07', '2019-02-09 12:33:07'),
(8, 1, 17, 2, 10, 3, 70, 1, '2019-02-09 12:33:07', '2019-02-09 12:33:07'),
(9, 1, 23, 5.75, 10, 1, 63, 1, '2019-02-09 12:33:07', '2019-02-09 12:33:07'),
(10, 1, 18, 5.5, 5, 1, 6, 1, '2019-02-09 12:33:07', '2019-02-09 12:33:07'),
(11, 2, 22, 4, 1, 1, 80, 1, '2019-02-09 12:33:07', '2019-02-09 12:33:07'),
(12, 1, 16, 4.5, 2, 1, 70, 1, '2019-02-09 12:33:07', '2019-02-09 12:33:07'),
(13, 2, 28, 11, 3, 2, 60, 1, '2019-02-09 12:33:07', '2019-02-09 12:33:07'),
(14, 1, 40, 5, 9, 1, 100, 1, '2019-02-09 12:33:07', '2019-02-09 12:33:07'),
(15, 2, 34, 0.25, 10, 1, 115, 1, '2019-02-09 12:33:07', '2019-02-09 12:33:07'),
(16, 2, 35, 3.5, 6, 1, 75, 1, '2019-02-09 12:33:07', '2019-02-09 12:33:07'),
(17, 1, 19, 10.75, 10, 1, 20, 1, '2019-02-09 12:33:07', '2019-02-09 12:33:07'),
(18, 2, 26, 6.75, 2, 1, 6, 2, '2019-02-09 12:33:07', '2019-02-09 12:33:07'),
(19, 1, 22, 1.25, 3, 3, 47, 2, '2019-02-09 12:33:07', '2019-02-09 12:33:07'),
(20, 2, 19, 2.25, 2, 1, 60, 2, '2019-02-09 12:33:07', '2019-02-09 12:33:07'),
(21, 1, 25, 5.75, 2, 1, 300, 2, '2019-02-09 12:33:07', '2019-02-09 12:33:07'),
(22, 2, 17, 11.25, 4, 3, 70, 2, '2019-02-09 12:33:07', '2019-02-09 12:33:07'),
(23, 1, 27, 5, 2, 1, 20, 2, '2019-02-09 12:33:07', '2019-02-09 12:33:07'),
(24, 2, 24, 4.75, 10, 3, 30, 2, '2019-02-09 12:33:07', '2019-02-09 12:33:07'),
(25, 2, 20, 7.75, 18, 3, 45, 2, '2019-02-09 12:33:07', '2019-02-09 12:33:07'),
(26, 2, 38, 2.5, 1, 3, 43, 2, '2019-02-09 12:33:07', '2019-02-09 12:33:07'),
(27, 1, 23, 3, 2, 3, 87, 2, '2019-02-09 12:33:07', '2019-02-09 12:33:07'),
(28, 2, 48, 10.25, 7, 1, 50, 2, '2019-02-09 12:33:07', '2019-02-09 12:33:07'),
(29, 2, 24, 4.25, 1, 1, 174, 2, '2019-02-09 12:33:07', '2019-02-09 12:33:07'),
(30, 2, 33, 8, 3, 1, 502, 2, '2019-02-09 12:33:07', '2019-02-09 12:33:07'),
(31, 1, 29, 8.75, 3, 1, 504, 2, '2019-02-09 12:33:07', '2019-02-09 12:33:07'),
(32, 2, 22, 8.5, 5, 1, 99, 2, '2019-02-09 12:33:07', '2019-02-09 12:33:07'),
(33, 2, 22, 8.25, 9, 1, 352, 2, '2019-02-09 12:33:07', '2019-02-09 12:33:07'),
(34, 1, 35, 8.75, 10, 2, 69, 2, '2019-02-09 12:33:07', '2019-02-09 12:33:07'),
(35, 2, 15, 3.75, 2, 3, 70, 1, '2019-02-09 12:33:07', '2019-02-09 12:33:07'),
(36, 2, 17, 5.25, 3, 1, 63, 1, '2019-02-09 12:33:07', '2019-02-09 12:33:07'),
(37, 2, 15, 4.25, 1, 1, 6, 1, '2019-02-09 12:33:07', '2019-02-09 12:33:07'),
(38, 2, 18, 5.75, 1, 1, 80, 1, '2019-02-09 12:33:07', '2019-02-09 12:33:07'),
(39, 1, 22, 5.5, 2, 1, 70, 1, '2019-02-09 12:33:07', '2019-02-09 12:33:07'),
(40, 2, 16, 8.5, 1, 2, 60, 1, '2019-02-09 12:33:07', '2019-02-09 12:33:07'),
(41, 1, 28, 4.75, 3, 1, 100, 1, '2019-02-09 12:33:07', '2019-02-09 12:33:07'),
(42, 1, 30, 2.5, 2, 1, 115, 1, '2019-02-09 12:33:07', '2019-02-09 12:33:07'),
(43, 1, 20, 0.5, 2, 1, 75, 1, '2019-02-09 12:33:07', '2019-02-09 12:33:07'),
(44, 2, 19, 8.75, 6, 1, 160, 1, '2019-02-09 12:33:07', '2019-02-09 12:33:07'),
(45, 1, 35, 9.25, 9, 1, 100, 1, '2019-02-09 12:33:07', '2019-02-09 12:33:07'),
(46, 1, 29, 7.25, 6, 1, 96, 1, '2019-02-09 12:33:07', '2019-02-09 12:33:07'),
(47, 2, 41, 10.5, 2, 2, 20, 1, '2019-02-09 12:33:07', '2019-02-09 12:33:07'),
(48, 1, 20, 5, 3, 1, 6, 1, '2019-02-09 12:33:07', '2019-02-09 12:33:07'),
(49, 2, 15, 8, 12, 1, 30, 1, '2019-02-09 12:33:07', '2019-02-09 12:33:07'),
(50, 1, 15, 3.5, 2, 1, 4, 1, '2019-02-09 12:33:07', '2019-02-09 12:33:07'),
(51, 2, 33, 8, 5, 1, 63, 2, '2019-02-09 12:33:07', '2019-02-09 12:33:07'),
(52, 2, 15, 4, 12, 1, 72, 2, '2019-02-09 12:33:07', '2019-02-09 12:33:07'),
(53, 1, 17, 8.5, 2, 1, 44, 2, '2019-02-09 12:33:07', '2019-02-09 12:33:07'),
(54, 1, 29, 5, 12, 3, 75, 2, '2019-02-09 12:33:07', '2019-02-09 12:33:07'),
(55, 2, 51, 6, 6, 1, 80, 2, '2019-02-09 12:33:07', '2019-02-09 12:33:07'),
(56, 1, 35, 6.75, 4, 3, 41, 2, '2019-02-09 12:33:07', '2019-02-09 12:33:07'),
(57, 1, 43, 8, 1, 1, 59, 2, '2019-02-09 12:33:07', '2019-02-09 12:33:07'),
(58, 1, 15, 4, 4, 3, 25, 2, '2019-02-09 12:33:07', '2019-02-09 12:33:07'),
(59, 2, 51, 4, 1, 1, 65, 2, '2019-02-09 12:33:07', '2019-02-09 12:33:07'),
(60, 1, 45, 6.5, 9, 2, 49, 2, '2019-02-09 12:33:07', '2019-02-09 12:33:07'),
(61, 2, 47, 9.25, 13, 2, 367, 2, '2019-02-09 12:33:07', '2019-02-09 12:33:07'),
(62, 1, 18, 11.75, 5, 2, 13, 2, '2019-02-09 12:33:07', '2019-02-09 12:33:07'),
(63, 2, 46, 7.75, 8, 1, 40, 2, '2019-02-09 12:33:07', '2019-02-09 12:33:07'),
(64, 1, 43, 11, 7, 1, 507, 2, '2019-02-09 12:33:07', '2019-02-09 12:33:07'),
(65, 1, 30, 1, 2, 1, 88, 2, '2019-02-09 12:33:07', '2019-02-09 12:33:07'),
(66, 2, 16, 2, 11, 1, 47, 2, '2019-02-09 12:33:07', '2019-02-09 12:33:07'),
(67, 2, 15, 8, 1, 1, 55, 2, '2019-02-09 12:33:07', '2019-02-09 12:33:07'),
(68, 2, 53, 7.25, 6, 1, 81, 2, '2019-02-09 12:33:07', '2019-02-09 12:33:07'),
(69, 1, 40, 5.5, 8, 3, 69, 2, '2019-02-09 12:33:07', '2019-02-09 12:33:07'),
(70, 1, 38, 7.5, 8, 2, 56, 2, '2019-02-09 12:33:07', '2019-02-09 12:33:07'),
(71, 2, 23, 6.75, 6, 1, 19, 2, '2019-02-09 12:33:07', '2019-02-09 12:33:07'),
(72, 1, 29, 7, 5, 1, 96, 1, '2019-02-09 12:33:07', '2019-02-09 12:33:07'),
(73, 1, 41, 8, 2, 2, 20, 1, '2019-02-09 12:33:07', '2019-02-09 12:33:07'),
(74, 1, 20, 4.5, 12, 1, 6, 1, '2019-02-09 12:33:07', '2019-02-09 12:33:07'),
(75, 2, 15, 6, 2, 1, 30, 1, '2019-02-09 12:33:07', '2019-02-09 12:33:07'),
(76, 2, 15, 2, 3, 1, 4, 1, '2019-02-09 12:33:07', '2019-02-09 12:33:07'),
(77, 2, 19, 11, 5, 2, 51, 2, '2019-02-09 12:33:07', '2019-02-09 12:33:07'),
(78, 1, 21, 8, 3, 1, 17, 2, '2019-02-09 12:33:07', '2019-02-09 12:33:07'),
(79, 1, 26, 7.75, 13, 2, 13, 2, '2019-02-09 12:33:07', '2019-02-09 12:33:07'),
(80, 1, 51, 8.75, 2, 2, 57, 2, '2019-02-09 12:33:07', '2019-02-09 12:33:07'),
(81, 1, 19, 7.75, 6, 1, 32, 2, '2019-02-09 12:33:07', '2019-02-09 12:33:07'),
(82, 2, 36, 1.75, 10, 3, 45, 2, '2019-02-09 12:33:07', '2019-02-09 12:33:07'),
(83, 2, 52, 2.25, 5, 1, 63, 2, '2019-02-09 12:33:07', '2019-02-09 12:33:07'),
(84, 2, 49, 9, 4, 2, 14, 2, '2019-02-09 12:33:07', '2019-02-09 12:33:07'),
(85, 1, 23, 5.75, 2, 1, 43, 2, '2019-02-09 12:33:07', '2019-02-09 12:33:07'),
(86, 1, 45, 10, 8, 1, 58, 2, '2019-02-09 12:33:07', '2019-02-09 12:33:07'),
(87, 1, 54, 7.5, 13, 3, 43, 2, '2019-02-09 12:33:07', '2019-02-09 12:33:07'),
(88, 2, 47, 5.25, 3, 3, 23, 2, '2019-02-09 12:33:07', '2019-02-09 12:33:07'),
(89, 2, 53, 10, 1, 2, 30, 2, '2019-02-09 12:33:07', '2019-02-09 12:33:07'),
(90, 1, 27, 11.25, 3, 2, 37, 2, '2019-02-09 12:33:07', '2019-02-09 12:33:07'),
(91, 2, 47, 3.75, 14, 2, 67, 2, '2019-02-09 12:33:07', '2019-02-09 12:33:07'),
(92, 2, 19, 2.25, 8, 2, 42, 2, '2019-02-09 12:33:07', '2019-02-09 12:33:07'),
(93, 2, 15, 1.5, 12, 3, 70, 1, '2019-02-09 12:33:07', '2019-02-09 12:33:07'),
(94, 1, 17, 5.25, 4, 1, 63, 1, '2019-02-09 12:33:07', '2019-02-09 12:33:07'),
(95, 2, 18, 4, 7, 1, 6, 1, '2019-02-09 12:33:07', '2019-02-09 12:33:07'),
(96, 2, 22, 4.5, 8, 1, 80, 1, '2019-02-09 12:33:07', '2019-02-09 12:33:07'),
(97, 1, 16, 5, 9, 1, 70, 1, '2019-02-09 12:33:07', '2019-02-09 12:33:07'),
(98, 2, 28, 10.25, 3, 2, 60, 1, '2019-02-09 12:33:07', '2019-02-09 12:33:07'),
(99, 2, 40, 4, 11, 1, 100, 1, '2019-02-09 12:33:07', '2019-02-09 12:33:07'),
(100, 1, 34, 0.5, 8, 3, 115, 1, '2019-02-09 12:33:07', '2019-02-09 12:33:07'),
(101, 2, 35, 3.75, 11, 1, 75, 1, '2019-02-09 12:33:07', '2019-02-09 12:33:07'),
(102, 1, 22, 2.25, 14, 3, 51, 2, '2019-02-09 12:33:07', '2019-02-09 12:33:07'),
(103, 1, 15, 3, 2, 3, 900, 2, '2019-02-09 12:33:07', '2019-02-09 12:33:07'),
(104, 1, 16, 10.5, 2, 1, 100, 2, '2019-02-09 12:33:07', '2019-02-09 12:33:07'),
(105, 1, 27, 4.5, 9, 3, 80, 2, '2019-02-09 12:33:07', '2019-02-09 12:33:07'),
(106, 1, 20, 8, 6, 1, 45, 2, '2019-02-09 12:33:07', '2019-02-09 12:33:07'),
(107, 1, 15, 5, 3, 3, 84, 2, '2019-02-09 12:33:07', '2019-02-09 12:33:07'),
(108, 1, 35, 9.75, 2, 2, 8, 2, '2019-02-09 12:33:07', '2019-02-09 12:33:07'),
(109, 2, 28, 7.5, 4, 1, 9, 2, '2019-02-09 12:33:07', '2019-02-09 12:33:07'),
(110, 2, 19, 6, 2, 1, 225, 2, '2019-02-09 12:33:07', '2019-02-09 12:33:07'),
(111, 2, 33, 6.25, 2, 1, 30, 2, '2019-02-09 12:33:07', '2019-02-09 12:33:07'),
(112, 2, 17, 5.75, 12, 3, 25, 2, '2019-02-09 12:33:07', '2019-02-09 12:33:07'),
(113, 2, 15, 5.5, 12, 1, 48, 2, '2019-02-09 12:33:07', '2019-02-09 12:33:07'),
(114, 2, 16, 10, 7, 1, 143, 2, '2019-02-09 12:33:07', '2019-02-09 12:33:07'),
(115, 2, 33, 9.25, 2, 2, 150, 2, '2019-02-09 12:33:07', '2019-02-09 12:33:07'),
(116, 2, 26, 7.75, 6, 2, 6, 2, '2019-02-09 12:33:07', '2019-02-09 12:33:07'),
(117, 2, 23, 7.5, 10, 2, 43, 2, '2019-02-09 12:33:07', '2019-02-09 12:33:07'),
(118, 2, 15, 6.5, 19, 1, 56, 2, '2019-02-09 12:33:07', '2019-02-09 12:33:07');

--
-- Indexes for dumped tables
--

--
-- Indexes for table `cyrotherapy`
--
ALTER TABLE `cyrotherapy`
  ADD PRIMARY KEY (`patient_id`);

--
-- Indexes for table `dataset_type`
--
ALTER TABLE `dataset_type`
  ADD PRIMARY KEY (`id`);

--
-- Indexes for table `experiments`
--
ALTER TABLE `experiments`
  ADD PRIMARY KEY (`experiment_id`);

--
-- Indexes for table `experiment_details`
--
ALTER TABLE `experiment_details`
  ADD PRIMARY KEY (`detail_id`),
  ADD KEY `experiment_id` (`experiment_id`);

--
-- Indexes for table `immunotherapy`
--
ALTER TABLE `immunotherapy`
  ADD PRIMARY KEY (`patient_id`);

--
-- Indexes for table `information_gain`
--
ALTER TABLE `information_gain`
  ADD PRIMARY KEY (`id`);

--
-- Indexes for table `patients`
--
ALTER TABLE `patients`
  ADD PRIMARY KEY (`patient_id`);

--
-- AUTO_INCREMENT for dumped tables
--

--
-- AUTO_INCREMENT for table `cyrotherapy`
--
ALTER TABLE `cyrotherapy`
  MODIFY `patient_id` int(11) NOT NULL AUTO_INCREMENT, AUTO_INCREMENT=91;

--
-- AUTO_INCREMENT for table `dataset_type`
--
ALTER TABLE `dataset_type`
  MODIFY `id` int(11) NOT NULL AUTO_INCREMENT, AUTO_INCREMENT=4;

--
-- AUTO_INCREMENT for table `experiments`
--
ALTER TABLE `experiments`
  MODIFY `experiment_id` int(11) NOT NULL AUTO_INCREMENT, AUTO_INCREMENT=22;

--
-- AUTO_INCREMENT for table `experiment_details`
--
ALTER TABLE `experiment_details`
  MODIFY `detail_id` int(11) NOT NULL AUTO_INCREMENT, AUTO_INCREMENT=161;

--
-- AUTO_INCREMENT for table `immunotherapy`
--
ALTER TABLE `immunotherapy`
  MODIFY `patient_id` int(11) NOT NULL AUTO_INCREMENT, AUTO_INCREMENT=91;

--
-- AUTO_INCREMENT for table `information_gain`
--
ALTER TABLE `information_gain`
  MODIFY `id` int(11) NOT NULL AUTO_INCREMENT, AUTO_INCREMENT=20;

--
-- AUTO_INCREMENT for table `patients`
--
ALTER TABLE `patients`
  MODIFY `patient_id` int(11) NOT NULL AUTO_INCREMENT, AUTO_INCREMENT=119;

--
-- Ketidakleluasaan untuk tabel pelimpahan (Dumped Tables)
--

--
-- Ketidakleluasaan untuk tabel `experiment_details`
--
ALTER TABLE `experiment_details`
  ADD CONSTRAINT `experiment_details_ibfk_1` FOREIGN KEY (`experiment_id`) REFERENCES `experiments` (`experiment_id`) ON DELETE CASCADE ON UPDATE CASCADE;
COMMIT;

/*!40101 SET CHARACTER_SET_CLIENT=@OLD_CHARACTER_SET_CLIENT */;
/*!40101 SET CHARACTER_SET_RESULTS=@OLD_CHARACTER_SET_RESULTS */;
/*!40101 SET COLLATION_CONNECTION=@OLD_COLLATION_CONNECTION */;
